Customer ID,Age,Gender,Loyalty Member,Product Type,SKU,Rating,Order Status,Payment Method,Total Price,Unit Price,Quantity,Purchase Date,Shipping Type,Add-ons Purchased,Add-on Total,Spend per Unit,Is Loyal,Purchase Month,Purchase Day,Purchase Weekday,Has Add-ons,Add-ons Count,Gender_Encoded,Pay_Bank Transfer,Pay_Cash,Pay_Credit Card,Pay_Debit Card,Pay_PayPal,Pay_Paypal,Ship_Expedited,Ship_Express,Ship_Overnight,Ship_Same Day,Ship_Standard,Product_Headphones,Product_Laptop,Product_Smartphone,Product_Smartwatch,Product_Tablet,Add-on Cost per Unit,Total Spend
11022,26,Male,Yes,Smartphone,SMP234,1,Cancelled,PayPal,11396.8,1139.68,10,2024-05-08,Expedited,"Extended Warranty, Extended Warranty, Accessory",200.68,1139.6799999999998,1,5,8,Wednesday,1,3,0,0,0,0,0,1,0,1,0,0,0,0,0,0,1,0,0,20.068,11597.48
11046,47,Male,No,Smartphone,SMP234,4,Completed,Bank Transfer,11396.8,1139.68,10,2024-03-31,Same Day,Impulse Item,93.55,1139.6799999999998,0,3,31,Sunday,1,1,0,1,0,0,0,0,0,0,0,0,1,0,0,0,1,0,0,9.355,11490.35
11210,56,Male,Yes,Smartphone,SMP234,3,Completed,Bank Transfer,11396.8,1139.68,10,2024-08-30,Standard,"Extended Warranty, Impulse Item, Extended Warranty",91.7,1139.6799999999998,1,8,30,Friday,1,3,0,1,0,0,0,0,0,0,0,0,0,1,0,0,1,0,0,9.17,11488.5
11211,65,Male,No,Smartphone,SMP234,5,Cancelled,Bank Transfer,11396.8,1139.68,10,2024-03-17,Standard,"Extended Warranty, Accessory",101.91,1139.6799999999998,0,3,17,Sunday,1,2,0,1,0,0,0,0,0,0,0,0,0,1,0,0,1,0,0,10.191,11498.71
11281,22,Male,Yes,Smartphone,SMP234,4,Completed,Credit Card,11396.8,1139.68,10,2024-05-09,Standard,"Extended Warranty, Accessory, Impulse Item",177.8,1139.6799999999998,1,5,9,Thursday,1,3,0,0,0,1,0,0,0,0,0,0,0,1,0,0,1,0,0,17.78,11574.6
11284,63,Female,No,Smartphone,SMP234,2,Cancelled,Bank Transfer,11396.8,1139.68,10,2024-01-17,Same Day,"Extended Warranty, Impulse Item, Impulse Item",223.04,1139.6799999999998,0,1,17,Wednesday,1,3,1,1,0,0,0,0,0,0,0,0,1,0,0,0,1,0,0,22.304,11619.84
11313,47,Female,Yes,Smartphone,SMP234,1,Cancelled,Credit Card,11396.8,1139.68,10,2024-09-17,Same Day,"Accessory, Accessory",145.14,1139.6799999999998,1,9,17,Tuesday,1,2,1,0,0,1,0,0,0,0,0,0,1,0,0,0,1,0,0,14.514,11541.94
11323,24,Male,No,Smartphone,SMP234,5,Cancelled,PayPal,11396.8,1139.68,10,2024-08-27,Standard,"Impulse Item, Impulse Item",60.89,1139.6799999999998,0,8,27,Tuesday,1,2,0,0,0,0,0,1,0,0,0,0,0,1,0,0,1,0,0,6.089,11457.69
11476,24,Female,No,Smartphone,SMP234,3,Completed,Credit Card,11396.8,1139.68,10,2024-09-21,Expedited,Extended Warranty,60.51,1139.6799999999998,0,9,21,Saturday,1,1,1,0,0,1,0,0,0,1,0,0,0,0,0,0,1,0,0,6.051,11457.31
11509,23,Female,No,Smartphone,SMP234,5,Completed,Credit Card,11396.8,1139.68,10,2024-05-08,Standard,Extended Warranty,57.26,1139.6799999999998,0,5,8,Wednesday,1,1,1,0,0,1,0,0,0,0,0,0,0,1,0,0,1,0,0,5.726,11454.06
11563,37,Male,No,Smartphone,SMP234,1,Completed,Credit Card,11396.8,1139.68,10,2024-04-17,Same Day,Extended Warranty,45.97,1139.6799999999998,0,4,17,Wednesday,1,1,0,0,0,1,0,0,0,0,0,0,1,0,0,0,1,0,0,4.597,11442.77
11582,58,Male,No,Smartphone,SMP234,4,Cancelled,Credit Card,11396.8,1139.68,10,2024-03-09,Standard,"Impulse Item, Extended Warranty",110.66,1139.6799999999998,0,3,9,Saturday,1,2,0,0,0,1,0,0,0,0,0,0,0,1,0,0,1,0,0,11.066,11507.46
11601,39,Male,No,Smartphone,SMP234,3,Completed,PayPal,11396.8,1139.68,10,2024-04-05,Same Day,"Impulse Item, Impulse Item",56.5,1139.6799999999998,0,4,5,Friday,1,2,0,0,0,0,0,1,0,0,0,0,1,0,0,0,1,0,0,5.65,11453.3
11618,80,Male,No,Smartphone,SMP234,1,Completed,Bank Transfer,11396.8,1139.68,10,2024-03-19,Same Day,"Extended Warranty, Accessory",63.85,1139.6799999999998,0,3,19,Tuesday,1,2,0,1,0,0,0,0,0,0,0,0,1,0,0,0,1,0,0,6.385,11460.65
11656,76,Male,Yes,Smartphone,SMP234,5,Cancelled,Bank Transfer,11396.8,1139.68,10,2024-04-10,Same Day,No Add-ons,0.0,1139.6799999999998,1,4,10,Wednesday,0,0,0,1,0,0,0,0,0,0,0,0,1,0,0,0,1,0,0,0.0,11396.8
11714,35,Female,No,Smartphone,SMP234,1,Completed,PayPal,11396.8,1139.68,10,2024-03-09,Expedited,Accessory,32.89,1139.6799999999998,0,3,9,Saturday,1,1,1,0,0,0,0,1,0,1,0,0,0,0,0,0,1,0,0,3.289,11429.69
11759,57,Male,No,Smartphone,SMP234,4,Cancelled,Credit Card,11396.8,1139.68,10,2024-08-28,Standard,Accessory,46.97,1139.6799999999998,0,8,28,Wednesday,1,1,0,0,0,1,0,0,0,0,0,0,0,1,0,0,1,0,0,4.697,11443.77
11783,37,Male,No,Smartphone,SMP234,1,Cancelled,Credit Card,11396.8,1139.68,10,2024-01-26,Expedited,Extended Warranty,60.78,1139.6799999999998,0,1,26,Friday,1,1,0,0,0,1,0,0,0,1,0,0,0,0,0,0,1,0,0,6.078,11457.58
11827,39,Female,No,Smartphone,SMP234,2,Completed,PayPal,11396.8,1139.68,10,2024-03-18,Expedited,"Impulse Item, Impulse Item, Accessory",219.84,1139.6799999999998,0,3,18,Monday,1,3,1,0,0,0,0,1,0,1,0,0,0,0,0,0,1,0,0,21.984,11616.64
11878,56,Male,No,Smartphone,SMP234,3,Cancelled,Bank Transfer,11396.8,1139.68,10,2024-05-16,Standard,Impulse Item,75.51,1139.6799999999998,0,5,16,Thursday,1,1,0,1,0,0,0,0,0,0,0,0,0,1,0,0,1,0,0,7.551,11472.31
11901,69,Female,No,Smartphone,SMP234,3,Completed,Credit Card,11396.8,1139.68,10,2024-04-21,Expedited,No Add-ons,0.0,1139.6799999999998,0,4,21,Sunday,0,0,1,0,0,1,0,0,0,1,0,0,0,0,0,0,1,0,0,0.0,11396.8
11901,69,Female,No,Smartphone,SMP234,5,Completed,Bank Transfer,11396.8,1139.68,10,2024-08-16,Same Day,Impulse Item,26.27,1139.6799999999998,0,8,16,Friday,1,1,1,1,0,0,0,0,0,0,0,0,1,0,0,0,1,0,0,2.627,11423.07
11912,42,Male,No,Smartphone,SMP234,3,Completed,Credit Card,11396.8,1139.68,10,2024-03-08,Same Day,"Impulse Item, Impulse Item",169.44,1139.6799999999998,0,3,8,Friday,1,2,0,0,0,1,0,0,0,0,0,0,1,0,0,0,1,0,0,16.944,11566.24
11914,57,Male,No,Smartphone,SMP234,2,Cancelled,PayPal,11396.8,1139.68,10,2024-01-08,Same Day,"Impulse Item, Extended Warranty, Impulse Item",200.62,1139.6799999999998,0,1,8,Monday,1,3,0,0,0,0,0,1,0,0,0,0,1,0,0,0,1,0,0,20.062,11597.42
11987,70,Female,No,Smartphone,SMP234,4,Completed,PayPal,11396.8,1139.68,10,2024-09-20,Expedited,"Accessory, Impulse Item, Impulse Item",181.17,1139.6799999999998,0,9,20,Friday,1,3,1,0,0,0,0,1,0,1,0,0,0,0,0,0,1,0,0,18.117,11577.97
12027,43,Female,No,Smartphone,SMP234,1,Completed,PayPal,11396.8,1139.68,10,2024-05-21,Same Day,"Impulse Item, Extended Warranty, Extended Warranty",172.89,1139.6799999999998,0,5,21,Tuesday,1,3,1,0,0,0,0,1,0,0,0,0,1,0,0,0,1,0,0,17.288999999999998,11569.69
12039,65,Male,No,Smartphone,SMP234,3,Completed,Credit Card,11396.8,1139.68,10,2024-03-07,Same Day,Accessory,28.83,1139.6799999999998,0,3,7,Thursday,1,1,0,0,0,1,0,0,0,0,0,0,1,0,0,0,1,0,0,2.883,11425.63
12115,63,Female,No,Smartphone,SMP234,2,Cancelled,Credit Card,11396.8,1139.68,10,2024-07-08,Same Day,Impulse Item,99.52,1139.6799999999998,0,7,8,Monday,1,1,1,0,0,1,0,0,0,0,0,0,1,0,0,0,1,0,0,9.952,11496.32
12257,41,Male,No,Smartphone,SMP234,2,Completed,Credit Card,11396.8,1139.68,10,2024-07-20,Same Day,Impulse Item,45.89,1139.6799999999998,0,7,20,Saturday,1,1,0,0,0,1,0,0,0,0,0,0,1,0,0,0,1,0,0,4.589,11442.69
12294,60,Female,No,Smartphone,SMP234,3,Completed,Bank Transfer,11396.8,1139.68,10,2024-03-10,Standard,"Accessory, Impulse Item",103.68,1139.6799999999998,0,3,10,Sunday,1,2,1,1,0,0,0,0,0,0,0,0,0,1,0,0,1,0,0,10.368,11500.48
12297,41,Male,Yes,Smartphone,SMP234,5,Cancelled,Bank Transfer,11396.8,1139.68,10,2024-06-03,Standard,"Extended Warranty, Accessory",116.41,1139.6799999999998,1,6,3,Monday,1,2,0,1,0,0,0,0,0,0,0,0,0,1,0,0,1,0,0,11.641,11513.21
12319,42,Female,No,Smartphone,SMP234,1,Cancelled,Bank Transfer,11396.8,1139.68,10,2024-02-16,Same Day,"Accessory, Accessory, Impulse Item",226.38,1139.6799999999998,0,2,16,Friday,1,3,1,1,0,0,0,0,0,0,0,0,1,0,0,0,1,0,0,22.638,11623.179999999998
12343,79,Male,No,Smartphone,SMP234,5,Completed,Credit Card,11396.8,1139.68,10,2024-08-22,Same Day,Extended Warranty,20.5,1139.6799999999998,0,8,22,Thursday,1,1,0,0,0,1,0,0,0,0,0,0,1,0,0,0,1,0,0,2.05,11417.3
12360,65,Female,No,Smartphone,SMP234,2,Completed,Credit Card,11396.8,1139.68,10,2024-06-01,Standard,"Impulse Item, Accessory",101.99,1139.6799999999998,0,6,1,Saturday,1,2,1,0,0,1,0,0,0,0,0,0,0,1,0,0,1,0,0,10.199,11498.79
12499,40,Female,No,Smartphone,SMP234,5,Completed,PayPal,11396.8,1139.68,10,2024-06-24,Standard,"Impulse Item, Accessory, Extended Warranty",175.91,1139.6799999999998,0,6,24,Monday,1,3,1,0,0,0,0,1,0,0,0,0,0,1,0,0,1,0,0,17.591,11572.71
12521,78,Female,No,Smartphone,SMP234,3,Completed,PayPal,11396.8,1139.68,10,2024-03-21,Expedited,Impulse Item,52.33,1139.6799999999998,0,3,21,Thursday,1,1,1,0,0,0,0,1,0,1,0,0,0,0,0,0,1,0,0,5.233,11449.13
12545,43,Male,Yes,Smartphone,SMP234,5,Completed,PayPal,11396.8,1139.68,10,2024-03-17,Expedited,Extended Warranty,80.18,1139.6799999999998,1,3,17,Sunday,1,1,0,0,0,0,0,1,0,1,0,0,0,0,0,0,1,0,0,8.018,11476.98
12611,70,Female,No,Smartphone,SMP234,1,Completed,Credit Card,11396.8,1139.68,10,2024-01-04,Standard,"Extended Warranty, Accessory, Accessory",258.32,1139.6799999999998,0,1,4,Thursday,1,3,1,0,0,1,0,0,0,0,0,0,0,1,0,0,1,0,0,25.832,11655.12
12615,71,Female,No,Smartphone,SMP234,5,Completed,Bank Transfer,11396.8,1139.68,10,2024-01-30,Expedited,No Add-ons,0.0,1139.6799999999998,0,1,30,Tuesday,0,0,1,1,0,0,0,0,0,1,0,0,0,0,0,0,1,0,0,0.0,11396.8
12627,35,Male,Yes,Smartphone,SMP234,2,Completed,Credit Card,11396.8,1139.68,10,2024-06-15,Same Day,Extended Warranty,13.42,1139.6799999999998,1,6,15,Saturday,1,1,0,0,0,1,0,0,0,0,0,0,1,0,0,0,1,0,0,1.342,11410.22
12637,36,Female,No,Smartphone,SMP234,1,Completed,Credit Card,11396.8,1139.68,10,2024-07-17,Expedited,Accessory,51.94,1139.6799999999998,0,7,17,Wednesday,1,1,1,0,0,1,0,0,0,1,0,0,0,0,0,0,1,0,0,5.194,11448.74
12726,22,Female,No,Smartphone,SMP234,5,Cancelled,PayPal,11396.8,1139.68,10,2024-08-07,Standard,Accessory,28.68,1139.6799999999998,0,8,7,Wednesday,1,1,1,0,0,0,0,1,0,0,0,0,0,1,0,0,1,0,0,2.868,11425.48
12749,67,Female,No,Smartphone,SMP234,4,Completed,Bank Transfer,11396.8,1139.68,10,2024-05-09,Same Day,"Extended Warranty, Impulse Item, Impulse Item",162.68,1139.6799999999998,0,5,9,Thursday,1,3,1,1,0,0,0,0,0,0,0,0,1,0,0,0,1,0,0,16.268,11559.48
12779,69,Female,No,Smartphone,SMP234,5,Completed,PayPal,11396.8,1139.68,10,2024-05-09,Expedited,"Impulse Item, Extended Warranty, Extended Warranty",88.07,1139.6799999999998,0,5,9,Thursday,1,3,1,0,0,0,0,1,0,1,0,0,0,0,0,0,1,0,0,8.806999999999999,11484.87
12883,51,Female,No,Smartphone,SMP234,5,Completed,PayPal,11396.8,1139.68,10,2024-09-23,Standard,"Extended Warranty, Accessory",78.92,1139.6799999999998,0,9,23,Monday,1,2,1,0,0,0,0,1,0,0,0,0,0,1,0,0,1,0,0,7.892,11475.72
12884,45,Male,No,Smartphone,SMP234,1,Cancelled,Bank Transfer,11396.8,1139.68,10,2024-09-18,Standard,Extended Warranty,34.7,1139.6799999999998,0,9,18,Wednesday,1,1,0,1,0,0,0,0,0,0,0,0,0,1,0,0,1,0,0,3.47,11431.5
12895,80,Male,No,Smartphone,SMP234,5,Completed,Bank Transfer,11396.8,1139.68,10,2024-05-15,Standard,"Impulse Item, Extended Warranty",75.82,1139.6799999999998,0,5,15,Wednesday,1,2,0,1,0,0,0,0,0,0,0,0,0,1,0,0,1,0,0,7.581999999999999,11472.62
12945,55,Female,Yes,Smartphone,SMP234,2,Completed,Bank Transfer,11396.8,1139.68,10,2024-08-16,Standard,"Extended Warranty, Extended Warranty",173.17,1139.6799999999998,1,8,16,Friday,1,2,1,1,0,0,0,0,0,0,0,0,0,1,0,0,1,0,0,17.317,11569.97
12986,59,Female,No,Smartphone,SMP234,5,Completed,PayPal,11396.8,1139.68,10,2024-06-06,Expedited,Accessory,38.98,1139.6799999999998,0,6,6,Thursday,1,1,1,0,0,0,0,1,0,1,0,0,0,0,0,0,1,0,0,3.898,11435.78
13027,18,Female,No,Smartphone,SMP234,4,Completed,PayPal,11396.8,1139.68,10,2024-06-30,Standard,Impulse Item,80.53,1139.6799999999998,0,6,30,Sunday,1,1,1,0,0,0,0,1,0,0,0,0,0,1,0,0,1,0,0,8.053,11477.33
13071,50,Male,Yes,Smartphone,SMP234,3,Cancelled,PayPal,11396.8,1139.68,10,2024-04-18,Same Day,"Accessory, Extended Warranty",164.21,1139.6799999999998,1,4,18,Thursday,1,2,0,0,0,0,0,1,0,0,0,0,1,0,0,0,1,0,0,16.421,11561.009999999998
13074,49,Female,No,Smartphone,SMP234,2,Completed,Credit Card,11396.8,1139.68,10,2024-09-19,Same Day,No Add-ons,0.0,1139.6799999999998,0,9,19,Thursday,0,0,1,0,0,1,0,0,0,0,0,0,1,0,0,0,1,0,0,0.0,11396.8
13075,20,Female,No,Smartphone,SMP234,2,Completed,Credit Card,11396.8,1139.68,10,2024-07-22,Same Day,Accessory,24.66,1139.6799999999998,0,7,22,Monday,1,1,1,0,0,1,0,0,0,0,0,0,1,0,0,0,1,0,0,2.466,11421.46
13214,36,Female,No,Smartphone,SMP234,2,Completed,Credit Card,11396.8,1139.68,10,2024-09-11,Standard,Extended Warranty,30.88,1139.6799999999998,0,9,11,Wednesday,1,1,1,0,0,1,0,0,0,0,0,0,0,1,0,0,1,0,0,3.088,11427.679999999998
13233,59,Male,No,Smartphone,SMP234,1,Cancelled,Credit Card,11396.8,1139.68,10,2024-03-09,Same Day,No Add-ons,0.0,1139.6799999999998,0,3,9,Saturday,0,0,0,0,0,1,0,0,0,0,0,0,1,0,0,0,1,0,0,0.0,11396.8
13342,26,Female,No,Smartphone,SMP234,5,Completed,PayPal,11396.8,1139.68,10,2024-04-25,Standard,No Add-ons,0.0,1139.6799999999998,0,4,25,Thursday,0,0,1,0,0,0,0,1,0,0,0,0,0,1,0,0,1,0,0,0.0,11396.8
13371,25,Female,No,Smartphone,SMP234,1,Completed,Credit Card,11396.8,1139.68,10,2024-05-10,Standard,"Accessory, Extended Warranty, Impulse Item",101.84,1139.6799999999998,0,5,10,Friday,1,3,1,0,0,1,0,0,0,0,0,0,0,1,0,0,1,0,0,10.184,11498.64
13592,63,Male,No,Smartphone,SMP234,2,Completed,Bank Transfer,11396.8,1139.68,10,2024-07-28,Same Day,"Impulse Item, Impulse Item",92.03,1139.6799999999998,0,7,28,Sunday,1,2,0,1,0,0,0,0,0,0,0,0,1,0,0,0,1,0,0,9.203,11488.83
13603,34,Female,No,Smartphone,SMP234,1,Cancelled,Bank Transfer,11396.8,1139.68,10,2024-05-06,Expedited,Impulse Item,36.16,1139.6799999999998,0,5,6,Monday,1,1,1,1,0,0,0,0,0,1,0,0,0,0,0,0,1,0,0,3.616,11432.96
13664,72,Female,No,Smartphone,SMP234,1,Completed,Credit Card,11396.8,1139.68,10,2024-02-24,Standard,"Extended Warranty, Impulse Item, Extended Warranty",219.65,1139.6799999999998,0,2,24,Saturday,1,3,1,0,0,1,0,0,0,0,0,0,0,1,0,0,1,0,0,21.965,11616.45
13740,61,Female,Yes,Smartphone,SMP234,5,Cancelled,Bank Transfer,11396.8,1139.68,10,2024-01-28,Standard,"Impulse Item, Accessory, Accessory",176.01,1139.6799999999998,1,1,28,Sunday,1,3,1,1,0,0,0,0,0,0,0,0,0,1,0,0,1,0,0,17.601,11572.81
13792,26,Female,No,Smartphone,SMP234,5,Cancelled,PayPal,11396.8,1139.68,10,2024-08-27,Expedited,Extended Warranty,28.31,1139.6799999999998,0,8,27,Tuesday,1,1,1,0,0,0,0,1,0,1,0,0,0,0,0,0,1,0,0,2.831,11425.11
13797,62,Male,No,Smartphone,SMP234,5,Completed,PayPal,11396.8,1139.68,10,2024-05-13,Standard,Accessory,59.84,1139.6799999999998,0,5,13,Monday,1,1,0,0,0,0,0,1,0,0,0,0,0,1,0,0,1,0,0,5.984,11456.64
13847,20,Male,Yes,Smartphone,SMP234,1,Cancelled,Credit Card,11396.8,1139.68,10,2024-03-23,Standard,Accessory,72.93,1139.6799999999998,1,3,23,Saturday,1,1,0,0,0,1,0,0,0,0,0,0,0,1,0,0,1,0,0,7.293000000000001,11469.73
13851,66,Male,No,Smartphone,SMP234,3,Cancelled,PayPal,11396.8,1139.68,10,2024-03-17,Same Day,"Accessory, Impulse Item",127.36,1139.6799999999998,0,3,17,Sunday,1,2,0,0,0,0,0,1,0,0,0,0,1,0,0,0,1,0,0,12.736,11524.16
13940,46,Female,No,Smartphone,SMP234,5,Cancelled,Bank Transfer,11396.8,1139.68,10,2024-04-11,Standard,Accessory,60.63,1139.6799999999998,0,4,11,Thursday,1,1,1,1,0,0,0,0,0,0,0,0,0,1,0,0,1,0,0,6.063000000000001,11457.429999999998
13953,19,Male,Yes,Smartphone,SMP234,1,Completed,PayPal,11396.8,1139.68,10,2024-03-21,Standard,No Add-ons,0.0,1139.6799999999998,1,3,21,Thursday,0,0,0,0,0,0,0,1,0,0,0,0,0,1,0,0,1,0,0,0.0,11396.8
14031,74,Female,Yes,Smartphone,SMP234,2,Completed,Bank Transfer,11396.8,1139.68,10,2024-01-23,Standard,"Accessory, Extended Warranty, Extended Warranty",141.77,1139.6799999999998,1,1,23,Tuesday,1,3,1,1,0,0,0,0,0,0,0,0,0,1,0,0,1,0,0,14.177,11538.57
14144,38,Female,No,Smartphone,SMP234,1,Completed,PayPal,11396.8,1139.68,10,2024-08-25,Same Day,No Add-ons,0.0,1139.6799999999998,0,8,25,Sunday,0,0,1,0,0,0,0,1,0,0,0,0,1,0,0,0,1,0,0,0.0,11396.8
14201,80,Male,No,Smartphone,SMP234,2,Cancelled,PayPal,11396.8,1139.68,10,2024-06-27,Same Day,"Extended Warranty, Impulse Item",86.04,1139.6799999999998,0,6,27,Thursday,1,2,0,0,0,0,0,1,0,0,0,0,1,0,0,0,1,0,0,8.604000000000001,11482.84
14264,36,Male,No,Smartphone,SMP234,2,Completed,Credit Card,11396.8,1139.68,10,2024-09-23,Standard,"Impulse Item, Impulse Item",163.65,1139.6799999999998,0,9,23,Monday,1,2,0,0,0,1,0,0,0,0,0,0,0,1,0,0,1,0,0,16.365000000000002,11560.45
14301,65,Female,No,Smartphone,SMP234,3,Cancelled,Bank Transfer,11396.8,1139.68,10,2024-07-26,Same Day,"Extended Warranty, Impulse Item, Extended Warranty",153.95,1139.6799999999998,0,7,26,Friday,1,3,1,1,0,0,0,0,0,0,0,0,1,0,0,0,1,0,0,15.395,11550.75
14379,25,Female,No,Smartphone,SMP234,4,Cancelled,Credit Card,11396.8,1139.68,10,2024-04-09,Standard,"Extended Warranty, Accessory",95.38,1139.6799999999998,0,4,9,Tuesday,1,2,1,0,0,1,0,0,0,0,0,0,0,1,0,0,1,0,0,9.538,11492.179999999998
14389,18,Male,Yes,Smartphone,SMP234,5,Completed,Credit Card,11396.8,1139.68,10,2024-08-18,Same Day,Accessory,36.26,1139.6799999999998,1,8,18,Sunday,1,1,0,0,0,1,0,0,0,0,0,0,1,0,0,0,1,0,0,3.626,11433.06
14582,67,Female,No,Smartphone,SMP234,3,Completed,Credit Card,11396.8,1139.68,10,2024-08-18,Expedited,No Add-ons,0.0,1139.6799999999998,0,8,18,Sunday,0,0,1,0,0,1,0,0,0,1,0,0,0,0,0,0,1,0,0,0.0,11396.8
14619,40,Female,No,Smartphone,SMP234,4,Completed,Credit Card,11396.8,1139.68,10,2024-06-01,Expedited,No Add-ons,0.0,1139.6799999999998,0,6,1,Saturday,0,0,1,0,0,1,0,0,0,1,0,0,0,0,0,0,1,0,0,0.0,11396.8
14662,26,Male,No,Smartphone,SMP234,1,Cancelled,PayPal,11396.8,1139.68,10,2024-08-17,Same Day,No Add-ons,0.0,1139.6799999999998,0,8,17,Saturday,0,0,0,0,0,0,0,1,0,0,0,0,1,0,0,0,1,0,0,0.0,11396.8
14678,44,Female,No,Smartphone,SMP234,2,Cancelled,PayPal,11396.8,1139.68,10,2024-04-28,Same Day,"Impulse Item, Extended Warranty, Extended Warranty",181.02,1139.6799999999998,0,4,28,Sunday,1,3,1,0,0,0,0,1,0,0,0,0,1,0,0,0,1,0,0,18.102,11577.82
14969,66,Female,Yes,Smartphone,SMP234,3,Completed,Bank Transfer,11396.8,1139.68,10,2024-08-23,Standard,No Add-ons,0.0,1139.6799999999998,1,8,23,Friday,0,0,1,1,0,0,0,0,0,0,0,0,0,1,0,0,1,0,0,0.0,11396.8
15025,39,Female,No,Smartphone,SMP234,4,Cancelled,PayPal,11396.8,1139.68,10,2024-05-21,Same Day,No Add-ons,0.0,1139.6799999999998,0,5,21,Tuesday,0,0,1,0,0,0,0,1,0,0,0,0,1,0,0,0,1,0,0,0.0,11396.8
15145,61,Male,No,Smartphone,SMP234,3,Completed,Bank Transfer,11396.8,1139.68,10,2024-01-17,Standard,Impulse Item,56.86,1139.6799999999998,0,1,17,Wednesday,1,1,0,1,0,0,0,0,0,0,0,0,0,1,0,0,1,0,0,5.686,11453.66
15209,59,Female,No,Smartphone,SMP234,3,Cancelled,Bank Transfer,11396.8,1139.68,10,2024-08-06,Expedited,"Impulse Item, Impulse Item, Extended Warranty",113.67,1139.6799999999998,0,8,6,Tuesday,1,3,1,1,0,0,0,0,0,1,0,0,0,0,0,0,1,0,0,11.367,11510.47
15289,35,Female,Yes,Smartphone,SMP234,3,Completed,PayPal,11396.8,1139.68,10,2024-04-02,Same Day,"Extended Warranty, Extended Warranty",94.74,1139.6799999999998,1,4,2,Tuesday,1,2,1,0,0,0,0,1,0,0,0,0,1,0,0,0,1,0,0,9.474,11491.54
15301,77,Male,No,Smartphone,SMP234,3,Cancelled,Credit Card,11396.8,1139.68,10,2024-04-02,Standard,"Impulse Item, Accessory",122.54,1139.6799999999998,0,4,2,Tuesday,1,2,0,0,0,1,0,0,0,0,0,0,0,1,0,0,1,0,0,12.254,11519.34
15328,40,Female,No,Smartphone,SMP234,4,Cancelled,PayPal,11396.8,1139.68,10,2024-04-25,Expedited,No Add-ons,0.0,1139.6799999999998,0,4,25,Thursday,0,0,1,0,0,0,0,1,0,1,0,0,0,0,0,0,1,0,0,0.0,11396.8
15344,74,Male,No,Smartphone,SMP234,2,Completed,Bank Transfer,11396.8,1139.68,10,2024-09-13,Standard,Extended Warranty,43.58,1139.6799999999998,0,9,13,Friday,1,1,0,1,0,0,0,0,0,0,0,0,0,1,0,0,1,0,0,4.358,11440.38
15399,61,Male,No,Smartphone,SMP234,1,Completed,Bank Transfer,11396.8,1139.68,10,2024-03-09,Same Day,Impulse Item,67.18,1139.6799999999998,0,3,9,Saturday,1,1,0,1,0,0,0,0,0,0,0,0,1,0,0,0,1,0,0,6.718000000000001,11463.98
15399,61,Male,No,Smartphone,SMP234,3,Completed,PayPal,11396.8,1139.68,10,2024-09-10,Expedited,"Impulse Item, Impulse Item, Extended Warranty",149.02,1139.6799999999998,0,9,10,Tuesday,1,3,0,0,0,0,0,1,0,1,0,0,0,0,0,0,1,0,0,14.902,11545.82
15401,57,Female,No,Smartphone,SMP234,5,Completed,Credit Card,11396.8,1139.68,10,2024-05-23,Expedited,"Extended Warranty, Extended Warranty",142.17,1139.6799999999998,0,5,23,Thursday,1,2,1,0,0,1,0,0,0,1,0,0,0,0,0,0,1,0,0,14.217,11538.97
15460,35,Female,No,Smartphone,SMP234,5,Cancelled,PayPal,11396.8,1139.68,10,2024-08-24,Expedited,Accessory,10.43,1139.6799999999998,0,8,24,Saturday,1,1,1,0,0,0,0,1,0,1,0,0,0,0,0,0,1,0,0,1.043,11407.23
15524,58,Male,Yes,Smartphone,SMP234,3,Completed,PayPal,11396.8,1139.68,10,2024-04-28,Same Day,"Accessory, Impulse Item",123.16,1139.6799999999998,1,4,28,Sunday,1,2,0,0,0,0,0,1,0,0,0,0,1,0,0,0,1,0,0,12.316,11519.96
15553,48,Female,No,Smartphone,SMP234,2,Cancelled,Bank Transfer,11396.8,1139.68,10,2024-07-01,Same Day,"Impulse Item, Extended Warranty",102.02,1139.6799999999998,0,7,1,Monday,1,2,1,1,0,0,0,0,0,0,0,0,1,0,0,0,1,0,0,10.202,11498.82
15588,56,Female,No,Smartphone,SMP234,4,Cancelled,Bank Transfer,11396.8,1139.68,10,2024-07-26,Same Day,Impulse Item,24.8,1139.6799999999998,0,7,26,Friday,1,1,1,1,0,0,0,0,0,0,0,0,1,0,0,0,1,0,0,2.48,11421.6
15598,43,Female,Yes,Smartphone,SMP234,5,Cancelled,Bank Transfer,11396.8,1139.68,10,2024-07-14,Same Day,"Accessory, Impulse Item",87.77,1139.6799999999998,1,7,14,Sunday,1,2,1,1,0,0,0,0,0,0,0,0,1,0,0,0,1,0,0,8.777,11484.57
15634,39,Female,No,Smartphone,SMP234,4,Cancelled,PayPal,11396.8,1139.68,10,2024-03-11,Same Day,No Add-ons,0.0,1139.6799999999998,0,3,11,Monday,0,0,1,0,0,0,0,1,0,0,0,0,1,0,0,0,1,0,0,0.0,11396.8
15648,38,Female,No,Smartphone,SMP234,1,Completed,Bank Transfer,11396.8,1139.68,10,2024-04-04,Standard,No Add-ons,0.0,1139.6799999999998,0,4,4,Thursday,0,0,1,1,0,0,0,0,0,0,0,0,0,1,0,0,1,0,0,0.0,11396.8
15737,62,Male,No,Smartphone,SMP234,2,Cancelled,Bank Transfer,11396.8,1139.68,10,2024-01-25,Same Day,No Add-ons,0.0,1139.6799999999998,0,1,25,Thursday,0,0,0,1,0,0,0,0,0,0,0,0,1,0,0,0,1,0,0,0.0,11396.8
15798,72,Male,Yes,Smartphone,SMP234,2,Completed,Bank Transfer,11396.8,1139.68,10,2024-01-08,Same Day,"Accessory, Extended Warranty, Accessory",148.83,1139.6799999999998,1,1,8,Monday,1,3,0,1,0,0,0,0,0,0,0,0,1,0,0,0,1,0,0,14.883,11545.63
15821,68,Male,Yes,Smartphone,SMP234,4,Completed,Bank Transfer,11396.8,1139.68,10,2024-08-15,Expedited,Impulse Item,77.7,1139.6799999999998,1,8,15,Thursday,1,1,0,1,0,0,0,0,0,1,0,0,0,0,0,0,1,0,0,7.77,11474.5
15850,31,Male,No,Smartphone,SMP234,1,Cancelled,Credit Card,11396.8,1139.68,10,2024-06-05,Same Day,No Add-ons,0.0,1139.6799999999998,0,6,5,Wednesday,0,0,0,0,0,1,0,0,0,0,0,0,1,0,0,0,1,0,0,0.0,11396.8
15906,39,Female,Yes,Smartphone,SMP234,3,Cancelled,Bank Transfer,11396.8,1139.68,10,2024-06-17,Same Day,No Add-ons,0.0,1139.6799999999998,1,6,17,Monday,0,0,1,1,0,0,0,0,0,0,0,0,1,0,0,0,1,0,0,0.0,11396.8
15955,61,Male,No,Smartphone,SMP234,3,Completed,Bank Transfer,11396.8,1139.68,10,2024-04-16,Same Day,No Add-ons,0.0,1139.6799999999998,0,4,16,Tuesday,0,0,0,1,0,0,0,0,0,0,0,0,1,0,0,0,1,0,0,0.0,11396.8
15986,27,Male,No,Smartphone,SMP234,5,Cancelled,PayPal,11396.8,1139.68,10,2024-08-07,Expedited,"Extended Warranty, Accessory",73.02,1139.6799999999998,0,8,7,Wednesday,1,2,0,0,0,0,0,1,0,1,0,0,0,0,0,0,1,0,0,7.302,11469.82
16004,21,Female,Yes,Smartphone,SMP234,4,Cancelled,Credit Card,11396.8,1139.68,10,2024-08-22,Expedited,No Add-ons,0.0,1139.6799999999998,1,8,22,Thursday,0,0,1,0,0,1,0,0,0,1,0,0,0,0,0,0,1,0,0,0.0,11396.8
16037,19,Male,Yes,Smartphone,SMP234,5,Completed,PayPal,11396.8,1139.68,10,2024-06-21,Standard,"Impulse Item, Impulse Item, Impulse Item",131.23,1139.6799999999998,1,6,21,Friday,1,3,0,0,0,0,0,1,0,0,0,0,0,1,0,0,1,0,0,13.123,11528.03
16064,50,Female,No,Smartphone,SMP234,4,Cancelled,Credit Card,11396.8,1139.68,10,2024-03-21,Expedited,"Extended Warranty, Accessory",63.46,1139.6799999999998,0,3,21,Thursday,1,2,1,0,0,1,0,0,0,1,0,0,0,0,0,0,1,0,0,6.346,11460.259999999998
16136,55,Female,No,Smartphone,SMP234,1,Completed,Bank Transfer,11396.8,1139.68,10,2024-05-17,Same Day,Extended Warranty,82.1,1139.6799999999998,0,5,17,Friday,1,1,1,1,0,0,0,0,0,0,0,0,1,0,0,0,1,0,0,8.209999999999999,11478.9
16159,59,Female,No,Smartphone,SMP234,4,Cancelled,Credit Card,11396.8,1139.68,10,2024-07-03,Expedited,"Accessory, Impulse Item",134.92,1139.6799999999998,0,7,3,Wednesday,1,2,1,0,0,1,0,0,0,1,0,0,0,0,0,0,1,0,0,13.492,11531.72
16186,72,Male,No,Smartphone,SMP234,5,Completed,PayPal,11396.8,1139.68,10,2024-04-17,Same Day,No Add-ons,0.0,1139.6799999999998,0,4,17,Wednesday,0,0,0,0,0,0,0,1,0,0,0,0,1,0,0,0,1,0,0,0.0,11396.8
16198,37,Female,No,Smartphone,SMP234,2,Cancelled,Bank Transfer,11396.8,1139.68,10,2024-04-23,Same Day,"Extended Warranty, Extended Warranty, Extended Warranty",227.93,1139.6799999999998,0,4,23,Tuesday,1,3,1,1,0,0,0,0,0,0,0,0,1,0,0,0,1,0,0,22.793,11624.73
16206,65,Male,No,Smartphone,SMP234,5,Cancelled,Credit Card,11396.8,1139.68,10,2024-04-20,Expedited,"Impulse Item, Extended Warranty, Impulse Item",156.85,1139.6799999999998,0,4,20,Saturday,1,3,0,0,0,1,0,0,0,1,0,0,0,0,0,0,1,0,0,15.685,11553.65
16356,43,Male,No,Smartphone,SMP234,1,Completed,PayPal,11396.8,1139.68,10,2024-08-10,Same Day,No Add-ons,0.0,1139.6799999999998,0,8,10,Saturday,0,0,0,0,0,0,0,1,0,0,0,0,1,0,0,0,1,0,0,0.0,11396.8
16381,68,Male,No,Smartphone,SMP234,5,Completed,Credit Card,11396.8,1139.68,10,2024-07-05,Expedited,"Impulse Item, Accessory",62.84,1139.6799999999998,0,7,5,Friday,1,2,0,0,0,1,0,0,0,1,0,0,0,0,0,0,1,0,0,6.284000000000001,11459.64
16502,73,Male,No,Smartphone,SMP234,1,Completed,Credit Card,11396.8,1139.68,10,2024-03-17,Same Day,No Add-ons,0.0,1139.6799999999998,0,3,17,Sunday,0,0,0,0,0,1,0,0,0,0,0,0,1,0,0,0,1,0,0,0.0,11396.8
16522,36,Male,No,Smartphone,SMP234,5,Cancelled,PayPal,11396.8,1139.68,10,2024-09-03,Same Day,No Add-ons,0.0,1139.6799999999998,0,9,3,Tuesday,0,0,0,0,0,0,0,1,0,0,0,0,1,0,0,0,1,0,0,0.0,11396.8
16597,66,Female,No,Smartphone,SMP234,4,Completed,PayPal,11396.8,1139.68,10,2024-08-11,Standard,"Extended Warranty, Extended Warranty, Extended Warranty",153.76,1139.6799999999998,0,8,11,Sunday,1,3,1,0,0,0,0,1,0,0,0,0,0,1,0,0,1,0,0,15.376,11550.56
16603,57,Male,Yes,Smartphone,SMP234,2,Completed,Credit Card,11396.8,1139.68,10,2024-03-18,Standard,Extended Warranty,84.64,1139.6799999999998,1,3,18,Monday,1,1,0,0,0,1,0,0,0,0,0,0,0,1,0,0,1,0,0,8.464,11481.44
16609,65,Male,No,Smartphone,SMP234,3,Completed,Credit Card,11396.8,1139.68,10,2024-08-23,Expedited,"Extended Warranty, Accessory, Impulse Item",76.3,1139.6799999999998,0,8,23,Friday,1,3,0,0,0,1,0,0,0,1,0,0,0,0,0,0,1,0,0,7.63,11473.1
16624,56,Female,No,Smartphone,SMP234,1,Completed,Credit Card,11396.8,1139.68,10,2024-04-29,Same Day,"Impulse Item, Impulse Item, Accessory",247.88,1139.6799999999998,0,4,29,Monday,1,3,1,0,0,1,0,0,0,0,0,0,1,0,0,0,1,0,0,24.788,11644.679999999998
16635,55,Female,No,Smartphone,SMP234,4,Cancelled,PayPal,11396.8,1139.68,10,2024-08-22,Same Day,"Accessory, Extended Warranty, Accessory",234.36,1139.6799999999998,0,8,22,Thursday,1,3,1,0,0,0,0,1,0,0,0,0,1,0,0,0,1,0,0,23.436,11631.16
16714,50,Male,No,Smartphone,SMP234,3,Completed,Credit Card,11396.8,1139.68,10,2024-01-09,Same Day,No Add-ons,0.0,1139.6799999999998,0,1,9,Tuesday,0,0,0,0,0,1,0,0,0,0,0,0,1,0,0,0,1,0,0,0.0,11396.8
16723,51,Female,No,Smartphone,SMP234,1,Completed,PayPal,11396.8,1139.68,10,2024-03-17,Standard,Impulse Item,38.34,1139.6799999999998,0,3,17,Sunday,1,1,1,0,0,0,0,1,0,0,0,0,0,1,0,0,1,0,0,3.834000000000001,11435.14
16732,72,Male,No,Smartphone,SMP234,4,Completed,Credit Card,11396.8,1139.68,10,2024-05-13,Standard,No Add-ons,0.0,1139.6799999999998,0,5,13,Monday,0,0,0,0,0,1,0,0,0,0,0,0,0,1,0,0,1,0,0,0.0,11396.8
16743,67,Male,No,Smartphone,SMP234,4,Completed,Credit Card,11396.8,1139.68,10,2024-04-15,Standard,No Add-ons,0.0,1139.6799999999998,0,4,15,Monday,0,0,0,0,0,1,0,0,0,0,0,0,0,1,0,0,1,0,0,0.0,11396.8
16799,32,Male,No,Smartphone,SMP234,3,Completed,Credit Card,11396.8,1139.68,10,2024-05-23,Standard,"Extended Warranty, Extended Warranty",111.92,1139.6799999999998,0,5,23,Thursday,1,2,0,0,0,1,0,0,0,0,0,0,0,1,0,0,1,0,0,11.192,11508.72
16805,73,Female,No,Smartphone,SMP234,1,Completed,Bank Transfer,11396.8,1139.68,10,2024-09-16,Same Day,"Accessory, Accessory",108.01,1139.6799999999998,0,9,16,Monday,1,2,1,1,0,0,0,0,0,0,0,0,1,0,0,0,1,0,0,10.801,11504.81
16830,57,Male,No,Smartphone,SMP234,4,Cancelled,PayPal,11396.8,1139.68,10,2024-04-15,Standard,No Add-ons,0.0,1139.6799999999998,0,4,15,Monday,0,0,0,0,0,0,0,1,0,0,0,0,0,1,0,0,1,0,0,0.0,11396.8
16896,79,Male,No,Smartphone,SMP234,3,Completed,Bank Transfer,11396.8,1139.68,10,2024-01-24,Expedited,No Add-ons,0.0,1139.6799999999998,0,1,24,Wednesday,0,0,0,1,0,0,0,0,0,1,0,0,0,0,0,0,1,0,0,0.0,11396.8
16950,60,Male,No,Smartphone,SMP234,3,Completed,Credit Card,11396.8,1139.68,10,2024-04-15,Same Day,"Accessory, Accessory, Extended Warranty",155.15,1139.6799999999998,0,4,15,Monday,1,3,0,0,0,1,0,0,0,0,0,0,1,0,0,0,1,0,0,15.515,11551.95
17098,47,Male,No,Smartphone,SMP234,5,Cancelled,Bank Transfer,11396.8,1139.68,10,2024-03-27,Expedited,"Impulse Item, Impulse Item, Impulse Item",73.69,1139.6799999999998,0,3,27,Wednesday,1,3,0,1,0,0,0,0,0,1,0,0,0,0,0,0,1,0,0,7.369,11470.49
17125,31,Male,No,Smartphone,SMP234,2,Cancelled,PayPal,11396.8,1139.68,10,2024-04-13,Expedited,No Add-ons,0.0,1139.6799999999998,0,4,13,Saturday,0,0,0,0,0,0,0,1,0,1,0,0,0,0,0,0,1,0,0,0.0,11396.8
17130,37,Female,No,Smartphone,SMP234,2,Cancelled,Credit Card,11396.8,1139.68,10,2024-07-28,Expedited,Extended Warranty,56.51,1139.6799999999998,0,7,28,Sunday,1,1,1,0,0,1,0,0,0,1,0,0,0,0,0,0,1,0,0,5.651,11453.31
17155,67,Male,No,Smartphone,SMP234,4,Completed,Bank Transfer,11396.8,1139.68,10,2024-01-06,Standard,"Impulse Item, Extended Warranty, Extended Warranty",74.56,1139.6799999999998,0,1,6,Saturday,1,3,0,1,0,0,0,0,0,0,0,0,0,1,0,0,1,0,0,7.456,11471.36
17227,35,Female,No,Smartphone,SMP234,4,Completed,Credit Card,11396.8,1139.68,10,2024-02-05,Expedited,No Add-ons,0.0,1139.6799999999998,0,2,5,Monday,0,0,1,0,0,1,0,0,0,1,0,0,0,0,0,0,1,0,0,0.0,11396.8
17236,57,Male,No,Smartphone,SMP234,3,Completed,Credit Card,11396.8,1139.68,10,2024-01-03,Same Day,"Accessory, Impulse Item, Extended Warranty",229.63,1139.6799999999998,0,1,3,Wednesday,1,3,0,0,0,1,0,0,0,0,0,0,1,0,0,0,1,0,0,22.963,11626.429999999998
17250,78,Male,No,Smartphone,SMP234,3,Completed,PayPal,11396.8,1139.68,10,2024-03-05,Expedited,"Extended Warranty, Accessory, Extended Warranty",240.6,1139.6799999999998,0,3,5,Tuesday,1,3,0,0,0,0,0,1,0,1,0,0,0,0,0,0,1,0,0,24.06,11637.4
17265,35,Female,No,Smartphone,SMP234,5,Cancelled,Bank Transfer,11396.8,1139.68,10,2024-09-01,Standard,"Impulse Item, Impulse Item, Impulse Item",218.26,1139.6799999999998,0,9,1,Sunday,1,3,1,1,0,0,0,0,0,0,0,0,0,1,0,0,1,0,0,21.826,11615.06
17297,61,Male,No,Smartphone,SMP234,3,Completed,Bank Transfer,11396.8,1139.68,10,2024-03-10,Same Day,Accessory,20.86,1139.6799999999998,0,3,10,Sunday,1,1,0,1,0,0,0,0,0,0,0,0,1,0,0,0,1,0,0,2.086,11417.66
17303,45,Female,No,Smartphone,SMP234,4,Cancelled,PayPal,11396.8,1139.68,10,2024-03-15,Same Day,"Accessory, Impulse Item",93.84,1139.6799999999998,0,3,15,Friday,1,2,1,0,0,0,0,1,0,0,0,0,1,0,0,0,1,0,0,9.384,11490.64
17311,31,Male,No,Smartphone,SMP234,2,Cancelled,PayPal,11396.8,1139.68,10,2024-09-22,Expedited,"Impulse Item, Accessory, Accessory",170.62,1139.6799999999998,0,9,22,Sunday,1,3,0,0,0,0,0,1,0,1,0,0,0,0,0,0,1,0,0,17.062,11567.42
17386,46,Female,No,Smartphone,SMP234,2,Completed,PayPal,11396.8,1139.68,10,2024-06-08,Standard,"Extended Warranty, Extended Warranty, Accessory",218.0,1139.6799999999998,0,6,8,Saturday,1,3,1,0,0,0,0,1,0,0,0,0,0,1,0,0,1,0,0,21.8,11614.8
17403,39,Male,Yes,Smartphone,SMP234,1,Cancelled,PayPal,11396.8,1139.68,10,2024-05-06,Standard,Impulse Item,78.58,1139.6799999999998,1,5,6,Monday,1,1,0,0,0,0,0,1,0,0,0,0,0,1,0,0,1,0,0,7.858,11475.38
17451,34,Female,Yes,Smartphone,SMP234,3,Cancelled,Bank Transfer,11396.8,1139.68,10,2024-06-27,Expedited,"Accessory, Impulse Item, Accessory",182.6,1139.6799999999998,1,6,27,Thursday,1,3,1,1,0,0,0,0,0,1,0,0,0,0,0,0,1,0,0,18.26,11579.4
17474,32,Male,No,Smartphone,SMP234,2,Completed,PayPal,11396.8,1139.68,10,2024-07-25,Standard,"Impulse Item, Accessory, Extended Warranty",75.31,1139.6799999999998,0,7,25,Thursday,1,3,0,0,0,0,0,1,0,0,0,0,0,1,0,0,1,0,0,7.531000000000001,11472.11
17485,66,Male,No,Smartphone,SMP234,3,Completed,PayPal,11396.8,1139.68,10,2024-07-23,Standard,No Add-ons,0.0,1139.6799999999998,0,7,23,Tuesday,0,0,0,0,0,0,0,1,0,0,0,0,0,1,0,0,1,0,0,0.0,11396.8
17528,76,Female,No,Smartphone,SMP234,2,Completed,PayPal,11396.8,1139.68,10,2024-02-15,Same Day,"Extended Warranty, Extended Warranty, Extended Warranty",163.68,1139.6799999999998,0,2,15,Thursday,1,3,1,0,0,0,0,1,0,0,0,0,1,0,0,0,1,0,0,16.368000000000002,11560.48
17610,65,Male,No,Smartphone,SMP234,4,Cancelled,PayPal,11396.8,1139.68,10,2024-06-21,Expedited,"Extended Warranty, Impulse Item",113.01,1139.6799999999998,0,6,21,Friday,1,2,0,0,0,0,0,1,0,1,0,0,0,0,0,0,1,0,0,11.301,11509.81
17678,27,Female,No,Smartphone,SMP234,1,Completed,PayPal,11396.8,1139.68,10,2024-02-02,Expedited,Impulse Item,99.08,1139.6799999999998,0,2,2,Friday,1,1,1,0,0,0,0,1,0,1,0,0,0,0,0,0,1,0,0,9.908,11495.88
17700,80,Female,No,Smartphone,SMP234,2,Completed,Credit Card,11396.8,1139.68,10,2024-03-10,Standard,No Add-ons,0.0,1139.6799999999998,0,3,10,Sunday,0,0,1,0,0,1,0,0,0,0,0,0,0,1,0,0,1,0,0,0.0,11396.8
17725,29,Male,No,Smartphone,SMP234,2,Completed,Bank Transfer,11396.8,1139.68,10,2024-04-14,Same Day,Accessory,19.65,1139.6799999999998,0,4,14,Sunday,1,1,0,1,0,0,0,0,0,0,0,0,1,0,0,0,1,0,0,1.965,11416.45
17765,58,Male,Yes,Smartphone,SMP234,1,Cancelled,Bank Transfer,11396.8,1139.68,10,2024-08-09,Expedited,"Extended Warranty, Impulse Item",152.03,1139.6799999999998,1,8,9,Friday,1,2,0,1,0,0,0,0,0,1,0,0,0,0,0,0,1,0,0,15.203,11548.83
17776,67,Male,Yes,Smartphone,SMP234,3,Completed,PayPal,11396.8,1139.68,10,2024-08-03,Expedited,No Add-ons,0.0,1139.6799999999998,1,8,3,Saturday,0,0,0,0,0,0,0,1,0,1,0,0,0,0,0,0,1,0,0,0.0,11396.8
17785,72,Female,No,Smartphone,SMP234,2,Completed,PayPal,11396.8,1139.68,10,2024-01-12,Standard,No Add-ons,0.0,1139.6799999999998,0,1,12,Friday,0,0,1,0,0,0,0,1,0,0,0,0,0,1,0,0,1,0,0,0.0,11396.8
17802,38,Male,No,Smartphone,SMP234,2,Completed,Bank Transfer,11396.8,1139.68,10,2024-08-06,Standard,"Impulse Item, Impulse Item, Extended Warranty",149.15,1139.6799999999998,0,8,6,Tuesday,1,3,0,1,0,0,0,0,0,0,0,0,0,1,0,0,1,0,0,14.915,11545.95
17847,25,Female,Yes,Smartphone,SMP234,5,Completed,Credit Card,11396.8,1139.68,10,2024-02-28,Standard,"Extended Warranty, Accessory",146.54,1139.6799999999998,1,2,28,Wednesday,1,2,1,0,0,1,0,0,0,0,0,0,0,1,0,0,1,0,0,14.654,11543.34
17863,62,Female,Yes,Smartphone,SMP234,2,Cancelled,Bank Transfer,11396.8,1139.68,10,2024-06-15,Expedited,Extended Warranty,24.6,1139.6799999999998,1,6,15,Saturday,1,1,1,1,0,0,0,0,0,1,0,0,0,0,0,0,1,0,0,2.46,11421.4
17890,41,Male,No,Smartphone,SMP234,3,Completed,Credit Card,11396.8,1139.68,10,2024-09-04,Expedited,No Add-ons,0.0,1139.6799999999998,0,9,4,Wednesday,0,0,0,0,0,1,0,0,0,1,0,0,0,0,0,0,1,0,0,0.0,11396.8
17987,58,Female,Yes,Smartphone,SMP234,3,Completed,PayPal,11396.8,1139.68,10,2024-02-21,Standard,Accessory,63.89,1139.6799999999998,1,2,21,Wednesday,1,1,1,0,0,0,0,1,0,0,0,0,0,1,0,0,1,0,0,6.389,11460.69
17997,32,Male,No,Smartphone,SMP234,5,Completed,Bank Transfer,11396.8,1139.68,10,2024-02-16,Expedited,"Impulse Item, Extended Warranty, Accessory",53.39,1139.6799999999998,0,2,16,Friday,1,3,0,1,0,0,0,0,0,1,0,0,0,0,0,0,1,0,0,5.339,11450.19
18040,65,Female,No,Smartphone,SMP234,2,Cancelled,Credit Card,11396.8,1139.68,10,2024-06-21,Expedited,"Impulse Item, Extended Warranty",122.13,1139.6799999999998,0,6,21,Friday,1,2,1,0,0,1,0,0,0,1,0,0,0,0,0,0,1,0,0,12.213,11518.929999999998
18044,34,Female,No,Smartphone,SMP234,3,Cancelled,Credit Card,11396.8,1139.68,10,2024-06-24,Expedited,Impulse Item,41.18,1139.6799999999998,0,6,24,Monday,1,1,1,0,0,1,0,0,0,1,0,0,0,0,0,0,1,0,0,4.118,11437.98
18054,50,Female,No,Smartphone,SMP234,5,Cancelled,PayPal,11396.8,1139.68,10,2024-06-11,Standard,No Add-ons,0.0,1139.6799999999998,0,6,11,Tuesday,0,0,1,0,0,0,0,1,0,0,0,0,0,1,0,0,1,0,0,0.0,11396.8
18201,27,Male,No,Smartphone,SMP234,3,Cancelled,Credit Card,11396.8,1139.68,10,2024-07-07,Standard,"Accessory, Extended Warranty, Accessory",219.27,1139.6799999999998,0,7,7,Sunday,1,3,0,0,0,1,0,0,0,0,0,0,0,1,0,0,1,0,0,21.927,11616.07
18226,34,Male,No,Smartphone,SMP234,2,Completed,PayPal,11396.8,1139.68,10,2024-04-20,Standard,"Extended Warranty, Accessory",94.56,1139.6799999999998,0,4,20,Saturday,1,2,0,0,0,0,0,1,0,0,0,0,0,1,0,0,1,0,0,9.456,11491.36
18395,36,Male,No,Smartphone,SMP234,1,Completed,PayPal,11396.8,1139.68,10,2024-06-26,Expedited,"Accessory, Extended Warranty",66.45,1139.6799999999998,0,6,26,Wednesday,1,2,0,0,0,0,0,1,0,1,0,0,0,0,0,0,1,0,0,6.6450000000000005,11463.25
18427,18,Male,No,Smartphone,SMP234,1,Completed,PayPal,11396.8,1139.68,10,2024-04-12,Same Day,"Accessory, Accessory",75.15,1139.6799999999998,0,4,12,Friday,1,2,0,0,0,0,0,1,0,0,0,0,1,0,0,0,1,0,0,7.515000000000001,11471.95
18464,70,Male,No,Smartphone,SMP234,2,Cancelled,Credit Card,11396.8,1139.68,10,2024-06-23,Same Day,"Extended Warranty, Extended Warranty",67.81,1139.6799999999998,0,6,23,Sunday,1,2,0,0,0,1,0,0,0,0,0,0,1,0,0,0,1,0,0,6.781000000000001,11464.61
18470,71,Male,No,Smartphone,SMP234,5,Completed,PayPal,11396.8,1139.68,10,2024-02-21,Standard,"Impulse Item, Extended Warranty, Extended Warranty",162.47,1139.6799999999998,0,2,21,Wednesday,1,3,0,0,0,0,0,1,0,0,0,0,0,1,0,0,1,0,0,16.247,11559.27
18484,72,Male,No,Smartphone,SMP234,2,Cancelled,Credit Card,11396.8,1139.68,10,2024-06-07,Same Day,"Impulse Item, Impulse Item",98.53,1139.6799999999998,0,6,7,Friday,1,2,0,0,0,1,0,0,0,0,0,0,1,0,0,0,1,0,0,9.853,11495.33
18548,61,Female,No,Smartphone,SMP234,4,Completed,Credit Card,11396.8,1139.68,10,2024-09-02,Same Day,"Extended Warranty, Accessory, Extended Warranty",218.57,1139.6799999999998,0,9,2,Monday,1,3,1,0,0,1,0,0,0,0,0,0,1,0,0,0,1,0,0,21.857,11615.37
18676,42,Male,Yes,Smartphone,SMP234,1,Completed,Bank Transfer,11396.8,1139.68,10,2024-04-20,Standard,Accessory,86.27,1139.6799999999998,1,4,20,Saturday,1,1,0,1,0,0,0,0,0,0,0,0,0,1,0,0,1,0,0,8.626999999999999,11483.07
18746,71,Female,No,Smartphone,SMP234,5,Completed,PayPal,11396.8,1139.68,10,2024-01-03,Standard,"Impulse Item, Extended Warranty, Impulse Item",213.73,1139.6799999999998,0,1,3,Wednesday,1,3,1,0,0,0,0,1,0,0,0,0,0,1,0,0,1,0,0,21.373,11610.53
18777,72,Female,Yes,Smartphone,SMP234,4,Completed,Bank Transfer,11396.8,1139.68,10,2024-06-14,Expedited,No Add-ons,0.0,1139.6799999999998,1,6,14,Friday,0,0,1,1,0,0,0,0,0,1,0,0,0,0,0,0,1,0,0,0.0,11396.8
18865,54,Female,No,Smartphone,SMP234,2,Cancelled,PayPal,11396.8,1139.68,10,2024-07-24,Same Day,Impulse Item,80.77,1139.6799999999998,0,7,24,Wednesday,1,1,1,0,0,0,0,1,0,0,0,0,1,0,0,0,1,0,0,8.077,11477.57
18873,63,Male,Yes,Smartphone,SMP234,2,Completed,PayPal,11396.8,1139.68,10,2024-05-02,Same Day,No Add-ons,0.0,1139.6799999999998,1,5,2,Thursday,0,0,0,0,0,0,0,1,0,0,0,0,1,0,0,0,1,0,0,0.0,11396.8
18885,33,Female,No,Smartphone,SMP234,5,Completed,Credit Card,11396.8,1139.68,10,2024-03-15,Same Day,Extended Warranty,26.22,1139.6799999999998,0,3,15,Friday,1,1,1,0,0,1,0,0,0,0,0,0,1,0,0,0,1,0,0,2.622,11423.02
18933,64,Female,No,Smartphone,SMP234,1,Completed,PayPal,11396.8,1139.68,10,2024-04-10,Expedited,"Accessory, Extended Warranty, Accessory",247.14,1139.6799999999998,0,4,10,Wednesday,1,3,1,0,0,0,0,1,0,1,0,0,0,0,0,0,1,0,0,24.714,11643.94
18942,67,Female,No,Smartphone,SMP234,4,Cancelled,Bank Transfer,11396.8,1139.68,10,2024-04-03,Same Day,No Add-ons,0.0,1139.6799999999998,0,4,3,Wednesday,0,0,1,1,0,0,0,0,0,0,0,0,1,0,0,0,1,0,0,0.0,11396.8
18961,51,Female,No,Smartphone,SMP234,4,Cancelled,Bank Transfer,11396.8,1139.68,10,2024-03-29,Expedited,No Add-ons,0.0,1139.6799999999998,0,3,29,Friday,0,0,1,1,0,0,0,0,0,1,0,0,0,0,0,0,1,0,0,0.0,11396.8
18980,62,Male,Yes,Smartphone,SMP234,3,Completed,PayPal,11396.8,1139.68,10,2024-03-05,Expedited,Extended Warranty,68.13,1139.6799999999998,1,3,5,Tuesday,1,1,0,0,0,0,0,1,0,1,0,0,0,0,0,0,1,0,0,6.813,11464.929999999998
19017,38,Male,No,Smartphone,SMP234,4,Completed,Credit Card,11396.8,1139.68,10,2024-01-23,Expedited,No Add-ons,0.0,1139.6799999999998,0,1,23,Tuesday,0,0,0,0,0,1,0,0,0,1,0,0,0,0,0,0,1,0,0,0.0,11396.8
19040,79,Male,No,Smartphone,SMP234,3,Completed,Bank Transfer,11396.8,1139.68,10,2024-08-09,Standard,Extended Warranty,28.42,1139.6799999999998,0,8,9,Friday,1,1,0,1,0,0,0,0,0,0,0,0,0,1,0,0,1,0,0,2.842,11425.22
19059,59,Male,Yes,Smartphone,SMP234,2,Cancelled,Bank Transfer,11396.8,1139.68,10,2024-08-29,Expedited,"Extended Warranty, Impulse Item",82.66,1139.6799999999998,1,8,29,Thursday,1,2,0,1,0,0,0,0,0,1,0,0,0,0,0,0,1,0,0,8.266,11479.46
19094,59,Male,No,Smartphone,SMP234,1,Completed,Bank Transfer,11396.8,1139.68,10,2024-06-27,Same Day,No Add-ons,0.0,1139.6799999999998,0,6,27,Thursday,0,0,0,1,0,0,0,0,0,0,0,0,1,0,0,0,1,0,0,0.0,11396.8
19189,51,Female,No,Smartphone,SMP234,3,Completed,Credit Card,11396.8,1139.68,10,2024-01-13,Expedited,Extended Warranty,84.8,1139.6799999999998,0,1,13,Saturday,1,1,1,0,0,1,0,0,0,1,0,0,0,0,0,0,1,0,0,8.48,11481.6
19235,63,Male,No,Smartphone,SMP234,4,Completed,PayPal,11396.8,1139.68,10,2024-04-28,Same Day,"Extended Warranty, Impulse Item, Accessory",132.76,1139.6799999999998,0,4,28,Sunday,1,3,0,0,0,0,0,1,0,0,0,0,1,0,0,0,1,0,0,13.276,11529.56
19263,22,Female,No,Smartphone,SMP234,2,Completed,Credit Card,11396.8,1139.68,10,2024-04-14,Standard,"Extended Warranty, Impulse Item",123.5,1139.6799999999998,0,4,14,Sunday,1,2,1,0,0,1,0,0,0,0,0,0,0,1,0,0,1,0,0,12.35,11520.3
19520,32,Male,No,Smartphone,SMP234,1,Completed,Bank Transfer,11396.8,1139.68,10,2024-03-18,Standard,"Impulse Item, Extended Warranty, Extended Warranty",51.53,1139.6799999999998,0,3,18,Monday,1,3,0,1,0,0,0,0,0,0,0,0,0,1,0,0,1,0,0,5.1530000000000005,11448.33
19526,70,Female,No,Smartphone,SMP234,1,Cancelled,PayPal,11396.8,1139.68,10,2024-04-03,Standard,No Add-ons,0.0,1139.6799999999998,0,4,3,Wednesday,0,0,1,0,0,0,0,1,0,0,0,0,0,1,0,0,1,0,0,0.0,11396.8
19593,30,Female,Yes,Smartphone,SMP234,5,Completed,Credit Card,11396.8,1139.68,10,2024-09-14,Same Day,Accessory,17.96,1139.6799999999998,1,9,14,Saturday,1,1,1,0,0,1,0,0,0,0,0,0,1,0,0,0,1,0,0,1.796,11414.759999999998
19723,38,Male,Yes,Smartphone,SMP234,2,Cancelled,Credit Card,11396.8,1139.68,10,2024-09-12,Same Day,"Accessory, Accessory, Impulse Item",223.79,1139.6799999999998,1,9,12,Thursday,1,3,0,0,0,1,0,0,0,0,0,0,1,0,0,0,1,0,0,22.379,11620.59
19759,21,Male,No,Smartphone,SMP234,4,Completed,Bank Transfer,11396.8,1139.68,10,2024-03-25,Same Day,No Add-ons,0.0,1139.6799999999998,0,3,25,Monday,0,0,0,1,0,0,0,0,0,0,0,0,1,0,0,0,1,0,0,0.0,11396.8
19780,68,Male,No,Smartphone,SMP234,3,Completed,Bank Transfer,11396.8,1139.68,10,2024-06-13,Same Day,"Impulse Item, Accessory, Extended Warranty",122.84,1139.6799999999998,0,6,13,Thursday,1,3,0,1,0,0,0,0,0,0,0,0,1,0,0,0,1,0,0,12.284,11519.64
19787,19,Female,No,Smartphone,SMP234,3,Cancelled,PayPal,11396.8,1139.68,10,2024-05-24,Same Day,Extended Warranty,15.72,1139.6799999999998,0,5,24,Friday,1,1,1,0,0,0,0,1,0,0,0,0,1,0,0,0,1,0,0,1.572,11412.52
19836,36,Female,Yes,Smartphone,SMP234,3,Completed,PayPal,11396.8,1139.68,10,2024-05-16,Same Day,No Add-ons,0.0,1139.6799999999998,1,5,16,Thursday,0,0,1,0,0,0,0,1,0,0,0,0,1,0,0,0,1,0,0,0.0,11396.8
19876,28,Female,No,Smartphone,SMP234,2,Completed,Bank Transfer,11396.8,1139.68,10,2024-01-07,Expedited,"Accessory, Impulse Item, Impulse Item",96.94,1139.6799999999998,0,1,7,Sunday,1,3,1,1,0,0,0,0,0,1,0,0,0,0,0,0,1,0,0,9.694,11493.74
19906,40,Female,No,Smartphone,SMP234,1,Cancelled,PayPal,11396.8,1139.68,10,2024-01-20,Same Day,"Extended Warranty, Extended Warranty",94.48,1139.6799999999998,0,1,20,Saturday,1,2,1,0,0,0,0,1,0,0,0,0,1,0,0,0,1,0,0,9.448,11491.28
19958,79,Female,No,Smartphone,SMP234,3,Cancelled,Credit Card,11396.8,1139.68,10,2024-01-12,Same Day,"Accessory, Impulse Item",119.56,1139.6799999999998,0,1,12,Friday,1,2,1,0,0,1,0,0,0,0,0,0,1,0,0,0,1,0,0,11.956,11516.36
19981,19,Male,No,Smartphone,SMP234,2,Completed,Credit Card,11396.8,1139.68,10,2024-02-08,Expedited,"Extended Warranty, Accessory, Impulse Item",181.61,1139.6799999999998,0,2,8,Thursday,1,3,0,0,0,1,0,0,0,1,0,0,0,0,0,0,1,0,0,18.161,11578.41
19992,71,Male,Yes,Smartphone,SMP234,4,Cancelled,PayPal,11396.8,1139.68,10,2024-07-26,Standard,"Accessory, Extended Warranty, Accessory",94.77,1139.6799999999998,1,7,26,Friday,1,3,0,0,0,0,0,1,0,0,0,0,0,1,0,0,1,0,0,9.477,11491.57
11045,52,Female,Yes,Smartwatch,SWT567,1,Cancelled,PayPal,1838.0,459.5,4,2024-06-14,Same Day,"Accessory, Extended Warranty, Accessory",246.7,459.5,1,6,14,Friday,1,3,1,0,0,0,0,1,0,0,0,0,1,0,0,0,0,1,0,61.675,2084.7
11065,64,Female,No,Laptop,LTP123,2,Completed,PayPal,5394.56,674.32,8,2024-05-21,Same Day,"Extended Warranty, Impulse Item, Accessory",244.27,674.32,0,5,21,Tuesday,1,3,1,0,0,0,0,1,0,0,0,0,1,0,0,1,0,0,0,30.53375,5638.830000000001
11184,43,Female,No,Tablet,TBL345,1,Completed,Bank Transfer,1572.82,786.41,2,2024-01-16,Expedited,"Accessory, Accessory, Accessory",248.68,786.41,0,1,16,Tuesday,1,3,1,1,0,0,0,0,0,1,0,0,0,0,0,0,0,0,1,124.34,1821.5
11193,74,Male,Yes,Headphones,HDP456,1,Cancelled,Credit Card,3611.8,361.18,10,2024-03-29,Standard,"Accessory, Extended Warranty, Accessory",264.89,361.18,1,3,29,Friday,1,3,0,0,0,1,0,0,0,0,0,0,0,1,1,0,0,0,0,26.489,3876.69
11198,32,Male,Yes,Smartwatch,SWT567,4,Cancelled,Bank Transfer,2297.5,459.5,5,2024-03-23,Same Day,"Extended Warranty, Extended Warranty, Impulse Item",262.4,459.5,1,3,23,Saturday,1,3,0,1,0,0,0,0,0,0,0,0,1,0,0,0,0,1,0,52.48,2559.9
11220,72,Male,No,Tablet,TBL345,1,Completed,PayPal,3145.64,786.41,4,2024-03-04,Expedited,"Impulse Item, Impulse Item, Accessory",238.15,786.41,0,3,4,Monday,1,3,0,0,0,0,0,1,0,1,0,0,0,0,0,0,0,0,1,59.5375,3383.79
11263,77,Male,No,Smartphone,SMP234,5,Completed,PayPal,6838.08,1139.68,6,2024-03-04,Standard,"Extended Warranty, Accessory, Impulse Item",237.39,1139.68,0,3,4,Monday,1,3,0,0,0,0,0,1,0,0,0,0,0,1,0,0,1,0,0,39.565,7075.47
11324,29,Male,No,Smartwatch,SWT567,2,Completed,Bank Transfer,4595.0,459.5,10,2024-04-15,Standard,"Extended Warranty, Accessory, Accessory",265.56,459.5,0,4,15,Monday,1,3,0,1,0,0,0,0,0,0,0,0,0,1,0,0,0,1,0,26.556,4860.56
11336,65,Female,No,Smartphone,SMP234,3,Cancelled,PayPal,1139.68,1139.68,1,2024-02-07,Same Day,"Accessory, Extended Warranty, Impulse Item",250.21,1139.68,0,2,7,Wednesday,1,3,1,0,0,0,0,1,0,0,0,0,1,0,0,0,1,0,0,250.21,1389.89
11390,34,Female,No,Laptop,LTP123,5,Completed,PayPal,2022.96,674.32,3,2024-01-12,Standard,"Accessory, Impulse Item, Extended Warranty",238.62,674.32,0,1,12,Friday,1,3,1,0,0,0,0,1,0,0,0,0,0,1,0,1,0,0,0,79.54,2261.58
11518,75,Male,No,Smartphone,SMP234,3,Cancelled,Bank Transfer,9117.44,1139.68,8,2024-03-10,Expedited,"Accessory, Accessory, Accessory",242.47,1139.68,0,3,10,Sunday,1,3,0,1,0,0,0,0,0,1,0,0,0,0,0,0,1,0,0,30.30875,9359.91
11607,18,Male,No,Tablet,TBL345,5,Cancelled,Bank Transfer,3145.64,786.41,4,2024-03-26,Same Day,"Impulse Item, Extended Warranty, Impulse Item",240.07,786.41,0,3,26,Tuesday,1,3,0,1,0,0,0,0,0,0,0,0,1,0,0,0,0,0,1,60.0175,3385.71
11710,35,Male,No,Laptop,LTP123,4,Completed,PayPal,4045.92,674.32,6,2024-08-23,Standard,"Impulse Item, Accessory, Accessory",266.3,674.32,0,8,23,Friday,1,3,0,0,0,0,0,1,0,0,0,0,0,1,0,1,0,0,0,44.38333333333333,4312.22
11735,49,Male,No,Laptop,LTP123,4,Completed,Credit Card,2697.28,674.32,4,2024-03-08,Same Day,"Accessory, Extended Warranty, Extended Warranty",253.37,674.32,0,3,8,Friday,1,3,0,0,0,1,0,0,0,0,0,0,1,0,0,1,0,0,0,63.3425,2950.65
11828,65,Female,No,Tablet,TBL345,4,Completed,PayPal,6291.28,786.41,8,2024-02-04,Same Day,"Extended Warranty, Extended Warranty, Impulse Item",240.01,786.41,0,2,4,Sunday,1,3,1,0,0,0,0,1,0,0,0,0,1,0,0,0,0,0,1,30.00125,6531.29
11912,42,Male,Yes,Smartwatch,SWT567,5,Completed,Credit Card,3216.5,459.5,7,2024-03-31,Same Day,"Extended Warranty, Extended Warranty, Extended Warranty",257.34,459.5,1,3,31,Sunday,1,3,0,0,0,1,0,0,0,0,0,0,1,0,0,0,0,1,0,36.762857142857136,3473.84
12103,33,Female,No,Laptop,LTP123,4,Cancelled,PayPal,6743.2,674.32,10,2024-07-30,Expedited,"Accessory, Accessory, Impulse Item",237.07,674.3199999999999,0,7,30,Tuesday,1,3,1,0,0,0,0,1,0,1,0,0,0,0,0,1,0,0,0,23.707,6980.27
12140,60,Female,No,Smartphone,SMP234,3,Completed,Bank Transfer,5698.4,1139.68,5,2024-02-03,Expedited,"Accessory, Extended Warranty, Impulse Item",271.62,1139.6799999999998,0,2,3,Saturday,1,3,1,1,0,0,0,0,0,1,0,0,0,0,0,0,1,0,0,54.324,5970.02
12144,25,Male,Yes,Tablet,TBL345,2,Cancelled,Credit Card,3932.05,786.41,5,2024-01-23,Expedited,"Accessory, Accessory, Extended Warranty",285.72,786.4100000000001,1,1,23,Tuesday,1,3,0,0,0,1,0,0,0,1,0,0,0,0,0,0,0,0,1,57.144000000000005,4217.77
12146,65,Female,No,Laptop,LTP123,5,Completed,Credit Card,6068.88,674.32,9,2024-05-15,Standard,"Extended Warranty, Impulse Item, Extended Warranty",237.73,674.32,0,5,15,Wednesday,1,3,1,0,0,1,0,0,0,0,0,0,0,1,0,1,0,0,0,26.41444444444444,6306.61
12152,32,Male,No,Smartwatch,SWT567,2,Completed,Credit Card,919.0,459.5,2,2024-09-09,Standard,"Impulse Item, Impulse Item, Extended Warranty",237.68,459.5,0,9,9,Monday,1,3,0,0,0,1,0,0,0,0,0,0,0,1,0,0,0,1,0,118.84,1156.68
12264,69,Female,No,Tablet,TBL345,4,Completed,Bank Transfer,1572.82,786.41,2,2024-02-05,Same Day,"Extended Warranty, Accessory, Impulse Item",244.75,786.41,0,2,5,Monday,1,3,1,1,0,0,0,0,0,0,0,0,1,0,0,0,0,0,1,122.375,1817.57
12286,75,Male,Yes,Smartwatch,SWT567,2,Completed,Bank Transfer,459.5,459.5,1,2024-04-08,Same Day,"Impulse Item, Accessory, Impulse Item",263.01,459.5,1,4,8,Monday,1,3,0,1,0,0,0,0,0,0,0,0,1,0,0,0,0,1,0,263.01,722.51
12378,79,Male,Yes,Tablet,TBL345,1,Completed,PayPal,5504.87,786.41,7,2024-09-08,Standard,"Extended Warranty, Impulse Item, Impulse Item",245.03,786.41,1,9,8,Sunday,1,3,0,0,0,0,0,1,0,0,0,0,0,1,0,0,0,0,1,35.004285714285714,5749.9
12441,68,Male,No,Smartwatch,SWT567,5,Cancelled,PayPal,2297.5,459.5,5,2024-09-22,Expedited,"Accessory, Extended Warranty, Extended Warranty",257.54,459.5,0,9,22,Sunday,1,3,0,0,0,0,0,1,0,1,0,0,0,0,0,0,0,1,0,51.508,2555.04
12632,33,Female,No,Smartphone,SMP234,5,Cancelled,Bank Transfer,3419.04,1139.68,3,2024-05-05,Standard,"Accessory, Accessory, Accessory",245.25,1139.68,0,5,5,Sunday,1,3,1,1,0,0,0,0,0,0,0,0,0,1,0,0,1,0,0,81.75,3664.29
12674,54,Male,No,Smartphone,SMP234,5,Cancelled,PayPal,3419.04,1139.68,3,2024-07-05,Same Day,"Accessory, Accessory, Extended Warranty",245.53,1139.68,0,7,5,Friday,1,3,0,0,0,0,0,1,0,0,0,0,1,0,0,0,1,0,0,81.84333333333333,3664.57
12693,29,Female,Yes,Smartphone,SMP234,1,Completed,Credit Card,10257.12,1139.68,9,2024-03-27,Same Day,"Extended Warranty, Impulse Item, Accessory",240.9,1139.68,1,3,27,Wednesday,1,3,1,0,0,1,0,0,0,0,0,0,1,0,0,0,1,0,0,26.766666666666666,10498.02
12780,56,Female,No,Laptop,LTP123,2,Completed,Credit Card,674.32,674.32,1,2024-01-13,Standard,"Accessory, Impulse Item, Impulse Item",271.7,674.32,0,1,13,Saturday,1,3,1,0,0,1,0,0,0,0,0,0,0,1,0,1,0,0,0,271.7,946.02
12889,24,Female,No,Smartwatch,SWT567,1,Completed,Credit Card,1838.0,459.5,4,2024-05-18,Standard,"Extended Warranty, Impulse Item, Extended Warranty",236.67,459.5,0,5,18,Saturday,1,3,1,0,0,1,0,0,0,0,0,0,0,1,0,0,0,1,0,59.1675,2074.67
12995,37,Male,Yes,Tablet,TBL345,2,Completed,Credit Card,7864.1,786.41,10,2024-08-29,Standard,"Accessory, Accessory, Accessory",242.31,786.4100000000001,1,8,29,Thursday,1,3,0,0,0,1,0,0,0,0,0,0,0,1,0,0,0,0,1,24.231,8106.410000000001
13129,32,Male,No,Headphones,HDP456,4,Completed,Bank Transfer,3250.62,361.18,9,2024-05-13,Same Day,"Accessory, Impulse Item, Extended Warranty",238.71,361.18,0,5,13,Monday,1,3,0,1,0,0,0,0,0,0,0,0,1,0,1,0,0,0,0,26.523333333333333,3489.33
13191,53,Female,No,Laptop,LTP123,4,Completed,Credit Card,6068.88,674.32,9,2024-02-28,Expedited,"Extended Warranty, Accessory, Extended Warranty",236.99,674.32,0,2,28,Wednesday,1,3,1,0,0,1,0,0,0,1,0,0,0,0,0,1,0,0,0,26.332222222222224,6305.87
13329,65,Female,No,Tablet,TBL345,3,Cancelled,Credit Card,3145.64,786.41,4,2024-09-06,Standard,"Accessory, Extended Warranty, Accessory",236.53,786.41,0,9,6,Friday,1,3,1,0,0,1,0,0,0,0,0,0,0,1,0,0,0,0,1,59.1325,3382.17
13334,30,Male,No,Smartwatch,SWT567,2,Cancelled,Credit Card,1378.5,459.5,3,2024-09-05,Expedited,"Accessory, Impulse Item, Extended Warranty",250.05,459.5,0,9,5,Thursday,1,3,0,0,0,1,0,0,0,1,0,0,0,0,0,0,0,1,0,83.35000000000001,1628.55
13399,52,Female,No,Laptop,LTP123,2,Cancelled,Credit Card,5394.56,674.32,8,2024-04-12,Standard,"Impulse Item, Accessory, Accessory",238.4,674.32,0,4,12,Friday,1,3,1,0,0,1,0,0,0,0,0,0,0,1,0,1,0,0,0,29.8,5632.96
13414,63,Female,No,Smartwatch,SWT567,5,Completed,Bank Transfer,4135.5,459.5,9,2024-01-20,Standard,"Accessory, Extended Warranty, Extended Warranty",266.88,459.5,0,1,20,Saturday,1,3,1,1,0,0,0,0,0,0,0,0,0,1,0,0,0,1,0,29.65333333333333,4402.38
13454,73,Female,No,Laptop,LTP123,5,Cancelled,Bank Transfer,2697.28,674.32,4,2024-07-21,Same Day,"Impulse Item, Impulse Item, Impulse Item",282.13,674.32,0,7,21,Sunday,1,3,1,1,0,0,0,0,0,0,0,0,1,0,0,1,0,0,0,70.5325,2979.4100000000003
13520,40,Male,No,Smartwatch,SWT567,4,Completed,PayPal,3216.5,459.5,7,2024-08-07,Standard,"Impulse Item, Accessory, Impulse Item",284.01,459.5,0,8,7,Wednesday,1,3,0,0,0,0,0,1,0,0,0,0,0,1,0,0,0,1,0,40.57285714285714,3500.51
13542,63,Female,No,Tablet,TBL345,1,Cancelled,PayPal,6291.28,786.41,8,2024-06-24,Same Day,"Impulse Item, Extended Warranty, Accessory",266.21,786.41,0,6,24,Monday,1,3,1,0,0,0,0,1,0,0,0,0,1,0,0,0,0,0,1,33.27625,6557.49
13545,43,Female,No,Tablet,TBL345,1,Completed,PayPal,4718.46,786.41,6,2024-07-15,Expedited,"Impulse Item, Accessory, Impulse Item",268.95,786.41,0,7,15,Monday,1,3,1,0,0,0,0,1,0,1,0,0,0,0,0,0,0,0,1,44.825,4987.41
13549,67,Male,No,Smartphone,SMP234,1,Cancelled,Bank Transfer,6838.08,1139.68,6,2024-03-30,Standard,"Extended Warranty, Accessory, Extended Warranty",260.36,1139.68,0,3,30,Saturday,1,3,0,1,0,0,0,0,0,0,0,0,0,1,0,0,1,0,0,43.39333333333334,7098.44
14141,25,Female,No,Tablet,TBL345,2,Completed,Bank Transfer,7077.69,786.41,9,2024-03-06,Same Day,"Extended Warranty, Impulse Item, Accessory",292.77,786.41,0,3,6,Wednesday,1,3,1,1,0,0,0,0,0,0,0,0,1,0,0,0,0,0,1,32.53,7370.459999999999
14179,67,Male,Yes,Smartwatch,SWT567,3,Completed,Bank Transfer,4135.5,459.5,9,2024-01-13,Standard,"Extended Warranty, Extended Warranty, Extended Warranty",254.27,459.5,1,1,13,Saturday,1,3,0,1,0,0,0,0,0,0,0,0,0,1,0,0,0,1,0,28.252222222222223,4389.77
14215,46,Female,Yes,Smartphone,SMP234,1,Completed,PayPal,7977.76,1139.68,7,2024-08-01,Expedited,"Extended Warranty, Extended Warranty, Accessory",246.65,1139.68,1,8,1,Thursday,1,3,1,0,0,0,0,1,0,1,0,0,0,0,0,0,1,0,0,35.23571428571429,8224.41
14274,43,Female,No,Smartwatch,SWT567,2,Cancelled,Bank Transfer,2297.5,459.5,5,2024-09-16,Expedited,"Extended Warranty, Impulse Item, Accessory",238.3,459.5,0,9,16,Monday,1,3,1,1,0,0,0,0,0,1,0,0,0,0,0,0,0,1,0,47.66,2535.8
14549,44,Female,No,Laptop,LTP123,1,Completed,PayPal,1348.64,674.32,2,2024-06-17,Standard,"Impulse Item, Extended Warranty, Impulse Item",243.29,674.32,0,6,17,Monday,1,3,1,0,0,0,0,1,0,0,0,0,0,1,0,1,0,0,0,121.645,1591.93
14559,39,Male,No,Laptop,LTP123,4,Completed,Bank Transfer,2022.96,674.32,3,2024-07-03,Same Day,"Extended Warranty, Impulse Item, Extended Warranty",244.58,674.32,0,7,3,Wednesday,1,3,0,1,0,0,0,0,0,0,0,0,1,0,0,1,0,0,0,81.52666666666667,2267.54
14618,50,Male,No,Smartphone,SMP234,3,Cancelled,PayPal,2279.36,1139.68,2,2024-05-05,Same Day,"Impulse Item, Accessory, Impulse Item",238.33,1139.68,0,5,5,Sunday,1,3,0,0,0,0,0,1,0,0,0,0,1,0,0,0,1,0,0,119.165,2517.69
14623,77,Female,No,Smartwatch,SWT567,5,Completed,Bank Transfer,3676.0,459.5,8,2024-09-02,Same Day,"Impulse Item, Impulse Item, Accessory",265.09,459.5,0,9,2,Monday,1,3,1,1,0,0,0,0,0,0,0,0,1,0,0,0,0,1,0,33.13625,3941.09
14639,79,Male,Yes,Smartphone,SMP234,3,Cancelled,Credit Card,7977.76,1139.68,7,2024-03-28,Same Day,"Accessory, Impulse Item, Accessory",261.17,1139.68,1,3,28,Thursday,1,3,0,0,0,1,0,0,0,0,0,0,1,0,0,0,1,0,0,37.31,8238.93
14646,58,Female,No,Tablet,TBL345,1,Completed,PayPal,7077.69,786.41,9,2024-08-31,Expedited,"Accessory, Extended Warranty, Impulse Item",236.62,786.41,0,8,31,Saturday,1,3,1,0,0,0,0,1,0,1,0,0,0,0,0,0,0,0,1,26.29111111111111,7314.309999999999
14882,21,Male,No,Tablet,TBL345,3,Cancelled,Credit Card,2359.23,786.41,3,2024-05-01,Same Day,"Accessory, Accessory, Extended Warranty",248.8,786.41,0,5,1,Wednesday,1,3,0,0,0,1,0,0,0,0,0,0,1,0,0,0,0,0,1,82.93333333333334,2608.03
14953,65,Female,No,Headphones,HDP456,5,Completed,PayPal,1805.9,361.18,5,2024-04-20,Standard,"Extended Warranty, Extended Warranty, Extended Warranty",247.06,361.18,0,4,20,Saturday,1,3,1,0,0,0,0,1,0,0,0,0,0,1,1,0,0,0,0,49.412,2052.96
14984,64,Male,No,Headphones,HDP456,2,Completed,Bank Transfer,2167.08,361.18,6,2024-04-05,Expedited,"Impulse Item, Accessory, Impulse Item",259.73,361.18,0,4,5,Friday,1,3,0,1,0,0,0,0,0,1,0,0,0,0,1,0,0,0,0,43.28833333333333,2426.81
15017,48,Male,No,Smartwatch,SWT567,3,Completed,PayPal,459.5,459.5,1,2024-01-20,Standard,"Extended Warranty, Accessory, Extended Warranty",248.88,459.5,0,1,20,Saturday,1,3,0,0,0,0,0,1,0,0,0,0,0,1,0,0,0,1,0,248.88,708.38
15028,42,Female,No,Laptop,LTP123,3,Completed,Credit Card,4045.92,674.32,6,2024-07-28,Expedited,"Accessory, Extended Warranty, Accessory",240.43,674.32,0,7,28,Sunday,1,3,1,0,0,1,0,0,0,1,0,0,0,0,0,1,0,0,0,40.071666666666665,4286.35
15195,37,Female,No,Smartphone,SMP234,3,Completed,Credit Card,5698.4,1139.68,5,2024-03-21,Standard,"Accessory, Impulse Item, Accessory",236.75,1139.6799999999998,0,3,21,Thursday,1,3,1,0,0,1,0,0,0,0,0,0,0,1,0,0,1,0,0,47.35,5935.15
15196,61,Male,No,Smartphone,SMP234,3,Completed,Bank Transfer,2279.36,1139.68,2,2024-05-28,Same Day,"Accessory, Impulse Item, Impulse Item",253.9,1139.68,0,5,28,Tuesday,1,3,0,1,0,0,0,0,0,0,0,0,1,0,0,0,1,0,0,126.95,2533.26
15229,36,Male,No,Laptop,LTP123,5,Completed,Credit Card,2697.28,674.32,4,2024-01-18,Same Day,"Impulse Item, Extended Warranty, Accessory",242.01,674.32,0,1,18,Thursday,1,3,0,0,0,1,0,0,0,0,0,0,1,0,0,1,0,0,0,60.5025,2939.29
15264,59,Female,No,Tablet,TBL345,2,Completed,PayPal,4718.46,786.41,6,2024-07-12,Same Day,"Impulse Item, Impulse Item, Impulse Item",259.18,786.41,0,7,12,Friday,1,3,1,0,0,0,0,1,0,0,0,0,1,0,0,0,0,0,1,43.196666666666665,4977.64
15390,76,Male,No,Tablet,TBL345,1,Completed,Bank Transfer,786.41,786.41,1,2024-03-17,Standard,"Extended Warranty, Extended Warranty, Accessory",270.87,786.41,0,3,17,Sunday,1,3,0,1,0,0,0,0,0,0,0,0,0,1,0,0,0,0,1,270.87,1057.28
15535,36,Female,No,Tablet,TBL345,1,Cancelled,PayPal,4718.46,786.41,6,2024-04-14,Same Day,"Extended Warranty, Accessory, Accessory",271.05,786.41,0,4,14,Sunday,1,3,1,0,0,0,0,1,0,0,0,0,1,0,0,0,0,0,1,45.175,4989.51
15562,42,Female,No,Headphones,HDP456,5,Cancelled,Credit Card,2167.08,361.18,6,2024-08-10,Expedited,"Accessory, Impulse Item, Extended Warranty",263.24,361.18,0,8,10,Saturday,1,3,1,0,0,1,0,0,0,1,0,0,0,0,1,0,0,0,0,43.873333333333335,2430.32
15571,65,Male,No,Smartphone,SMP234,3,Cancelled,PayPal,10257.12,1139.68,9,2024-02-15,Same Day,"Accessory, Extended Warranty, Accessory",272.9,1139.68,0,2,15,Thursday,1,3,0,0,0,0,0,1,0,0,0,0,1,0,0,0,1,0,0,30.32222222222222,10530.02
15609,68,Male,Yes,Tablet,TBL345,4,Completed,PayPal,5504.87,786.41,7,2024-05-19,Standard,"Accessory, Accessory, Impulse Item",263.27,786.41,1,5,19,Sunday,1,3,0,0,0,0,0,1,0,0,0,0,0,1,0,0,0,0,1,37.61,5768.139999999999
15611,25,Male,No,Headphones,HDP456,5,Cancelled,PayPal,3611.8,361.18,10,2024-05-28,Standard,"Impulse Item, Impulse Item, Extended Warranty",274.16,361.18,0,5,28,Tuesday,1,3,0,0,0,0,0,1,0,0,0,0,0,1,1,0,0,0,0,27.416000000000004,3885.96
15637,58,Female,No,Laptop,LTP123,4,Cancelled,PayPal,1348.64,674.32,2,2024-09-04,Same Day,"Extended Warranty, Extended Warranty, Extended Warranty",250.39,674.32,0,9,4,Wednesday,1,3,1,0,0,0,0,1,0,0,0,0,1,0,0,1,0,0,0,125.195,1599.0300000000002
15757,18,Female,No,Laptop,LTP123,2,Completed,PayPal,6068.88,674.32,9,2024-02-03,Standard,"Extended Warranty, Impulse Item, Extended Warranty",239.3,674.32,0,2,3,Saturday,1,3,1,0,0,0,0,1,0,0,0,0,0,1,0,1,0,0,0,26.58888888888889,6308.18
15762,18,Female,No,Laptop,LTP123,5,Completed,PayPal,4045.92,674.32,6,2024-07-27,Standard,"Accessory, Impulse Item, Impulse Item",250.52,674.32,0,7,27,Saturday,1,3,1,0,0,0,0,1,0,0,0,0,0,1,0,1,0,0,0,41.75333333333334,4296.4400000000005
15826,29,Male,No,Headphones,HDP456,4,Completed,Credit Card,1444.72,361.18,4,2024-01-22,Same Day,"Accessory, Accessory, Accessory",240.96,361.18,0,1,22,Monday,1,3,0,0,0,1,0,0,0,0,0,0,1,0,1,0,0,0,0,60.24,1685.68
15982,79,Male,No,Laptop,LTP123,2,Completed,PayPal,2022.96,674.32,3,2024-08-19,Expedited,"Accessory, Impulse Item, Accessory",259.56,674.32,0,8,19,Monday,1,3,0,0,0,0,0,1,0,1,0,0,0,0,0,1,0,0,0,86.52,2282.52
16086,53,Male,Yes,Smartphone,SMP234,1,Cancelled,Credit Card,1139.68,1139.68,1,2024-02-15,Standard,"Accessory, Extended Warranty, Impulse Item",279.53,1139.68,1,2,15,Thursday,1,3,0,0,0,1,0,0,0,0,0,0,0,1,0,0,1,0,0,279.53,1419.21
16089,58,Female,No,Headphones,HDP456,2,Cancelled,Credit Card,2167.08,361.18,6,2024-08-23,Expedited,"Accessory, Impulse Item, Accessory",248.67,361.18,0,8,23,Friday,1,3,1,0,0,1,0,0,0,1,0,0,0,0,1,0,0,0,0,41.445,2415.75
16132,66,Male,No,Smartphone,SMP234,1,Completed,PayPal,10257.12,1139.68,9,2024-07-24,Same Day,"Extended Warranty, Extended Warranty, Accessory",252.61,1139.68,0,7,24,Wednesday,1,3,0,0,0,0,0,1,0,0,0,0,1,0,0,0,1,0,0,28.067777777777778,10509.73
16141,70,Male,No,Laptop,LTP123,1,Completed,Bank Transfer,6743.2,674.32,10,2024-05-23,Same Day,"Accessory, Extended Warranty, Impulse Item",253.08,674.3199999999999,0,5,23,Thursday,1,3,0,1,0,0,0,0,0,0,0,0,1,0,0,1,0,0,0,25.308,6996.28
16143,20,Male,No,Tablet,TBL345,1,Cancelled,Credit Card,7077.69,786.41,9,2024-07-29,Same Day,"Impulse Item, Extended Warranty, Accessory",266.95,786.41,0,7,29,Monday,1,3,0,0,0,1,0,0,0,0,0,0,1,0,0,0,0,0,1,29.66111111111111,7344.639999999999
16165,35,Male,No,Laptop,LTP123,3,Cancelled,PayPal,3371.6,674.32,5,2024-01-12,Standard,"Impulse Item, Extended Warranty, Accessory",246.88,674.3199999999999,0,1,12,Friday,1,3,0,0,0,0,0,1,0,0,0,0,0,1,0,1,0,0,0,49.376,3618.48
16167,50,Female,No,Laptop,LTP123,3,Cancelled,Credit Card,3371.6,674.32,5,2024-03-23,Same Day,"Accessory, Extended Warranty, Impulse Item",239.51,674.3199999999999,0,3,23,Saturday,1,3,1,0,0,1,0,0,0,0,0,0,1,0,0,1,0,0,0,47.902,3611.11
16203,39,Male,No,Smartphone,SMP234,3,Cancelled,Credit Card,1139.68,1139.68,1,2024-01-04,Expedited,"Impulse Item, Impulse Item, Accessory",236.92,1139.68,0,1,4,Thursday,1,3,0,0,0,1,0,0,0,1,0,0,0,0,0,0,1,0,0,236.92,1376.6
16297,64,Female,No,Smartphone,SMP234,2,Completed,PayPal,5698.4,1139.68,5,2024-02-20,Expedited,"Extended Warranty, Impulse Item, Impulse Item",280.1,1139.6799999999998,0,2,20,Tuesday,1,3,1,0,0,0,0,1,0,1,0,0,0,0,0,0,1,0,0,56.02,5978.5
16392,52,Male,Yes,Smartwatch,SWT567,2,Cancelled,Bank Transfer,1378.5,459.5,3,2024-05-23,Same Day,"Extended Warranty, Accessory, Accessory",265.97,459.5,1,5,23,Thursday,1,3,0,1,0,0,0,0,0,0,0,0,1,0,0,0,0,1,0,88.65666666666668,1644.47
16408,71,Male,No,Laptop,LTP123,5,Completed,Bank Transfer,6743.2,674.32,10,2024-06-24,Standard,"Accessory, Extended Warranty, Impulse Item",264.87,674.3199999999999,0,6,24,Monday,1,3,0,1,0,0,0,0,0,0,0,0,0,1,0,1,0,0,0,26.487,7008.07
16519,67,Male,No,Tablet,TBL345,4,Cancelled,Bank Transfer,3932.05,786.41,5,2024-05-30,Standard,"Accessory, Extended Warranty, Extended Warranty",253.34,786.4100000000001,0,5,30,Thursday,1,3,0,1,0,0,0,0,0,0,0,0,0,1,0,0,0,0,1,50.668,4185.39
16590,37,Male,Yes,Headphones,HDP456,2,Completed,PayPal,1444.72,361.18,4,2024-03-15,Standard,"Accessory, Accessory, Accessory",260.99,361.18,1,3,15,Friday,1,3,0,0,0,0,0,1,0,0,0,0,0,1,1,0,0,0,0,65.2475,1705.71
16787,69,Male,No,Laptop,LTP123,2,Completed,PayPal,2697.28,674.32,4,2024-07-12,Standard,"Extended Warranty, Extended Warranty, Accessory",239.59,674.32,0,7,12,Friday,1,3,0,0,0,0,0,1,0,0,0,0,0,1,0,1,0,0,0,59.8975,2936.8700000000003
16813,71,Female,Yes,Laptop,LTP123,3,Completed,PayPal,4720.24,674.32,7,2024-04-12,Standard,"Impulse Item, Accessory, Accessory",252.14,674.3199999999999,1,4,12,Friday,1,3,1,0,0,0,0,1,0,0,0,0,0,1,0,1,0,0,0,36.02,4972.38
16851,32,Male,No,Tablet,TBL345,2,Completed,Credit Card,3145.64,786.41,4,2024-08-20,Standard,"Impulse Item, Impulse Item, Extended Warranty",243.86,786.41,0,8,20,Tuesday,1,3,0,0,0,1,0,0,0,0,0,0,0,1,0,0,0,0,1,60.965,3389.5
16861,36,Female,Yes,Smartwatch,SWT567,4,Cancelled,Bank Transfer,4135.5,459.5,9,2024-02-11,Same Day,"Accessory, Accessory, Impulse Item",238.71,459.5,1,2,11,Sunday,1,3,1,1,0,0,0,0,0,0,0,0,1,0,0,0,0,1,0,26.523333333333333,4374.21
16894,32,Male,Yes,Laptop,LTP123,5,Completed,Bank Transfer,5394.56,674.32,8,2024-03-28,Expedited,"Impulse Item, Impulse Item, Extended Warranty",253.91,674.32,1,3,28,Thursday,1,3,0,1,0,0,0,0,0,1,0,0,0,0,0,1,0,0,0,31.73875,5648.47
16940,50,Male,Yes,Headphones,HDP456,4,Completed,Bank Transfer,2528.26,361.18,7,2024-04-11,Same Day,"Accessory, Accessory, Accessory",265.78,361.18,1,4,11,Thursday,1,3,0,1,0,0,0,0,0,0,0,0,1,0,1,0,0,0,0,37.96857142857142,2794.04
17013,50,Female,Yes,Headphones,HDP456,5,Completed,PayPal,2167.08,361.18,6,2024-03-13,Same Day,"Accessory, Extended Warranty, Impulse Item",255.19,361.18,1,3,13,Wednesday,1,3,1,0,0,0,0,1,0,0,0,0,1,0,1,0,0,0,0,42.531666666666666,2422.27
17072,45,Female,No,Tablet,TBL345,4,Completed,Credit Card,5504.87,786.41,7,2024-01-23,Standard,"Impulse Item, Accessory, Extended Warranty",265.02,786.41,0,1,23,Tuesday,1,3,1,0,0,1,0,0,0,0,0,0,0,1,0,0,0,0,1,37.86,5769.889999999999
17088,37,Male,No,Tablet,TBL345,5,Completed,Bank Transfer,5504.87,786.41,7,2024-05-08,Same Day,"Impulse Item, Accessory, Extended Warranty",259.34,786.41,0,5,8,Wednesday,1,3,0,1,0,0,0,0,0,0,0,0,1,0,0,0,0,0,1,37.04857142857143,5764.21
17098,47,Male,No,Tablet,TBL345,3,Completed,Credit Card,6291.28,786.41,8,2024-04-14,Standard,"Accessory, Accessory, Extended Warranty",245.9,786.41,0,4,14,Sunday,1,3,0,0,0,1,0,0,0,0,0,0,0,1,0,0,0,0,1,30.7375,6537.179999999999
17106,80,Female,Yes,Headphones,HDP456,4,Completed,Bank Transfer,3611.8,361.18,10,2024-04-03,Same Day,"Accessory, Accessory, Extended Warranty",241.53,361.18,1,4,3,Wednesday,1,3,1,1,0,0,0,0,0,0,0,0,1,0,1,0,0,0,0,24.153,3853.33
17141,53,Male,No,Laptop,LTP123,2,Completed,Bank Transfer,6068.88,674.32,9,2024-09-18,Same Day,"Accessory, Accessory, Extended Warranty",251.53,674.32,0,9,18,Wednesday,1,3,0,1,0,0,0,0,0,0,0,0,1,0,0,1,0,0,0,27.947777777777777,6320.41
17318,65,Male,No,Headphones,HDP456,2,Completed,Credit Card,1444.72,361.18,4,2024-04-11,Same Day,"Impulse Item, Impulse Item, Impulse Item",258.15,361.18,0,4,11,Thursday,1,3,0,0,0,1,0,0,0,0,0,0,1,0,1,0,0,0,0,64.5375,1702.87
17342,49,Female,No,Smartphone,SMP234,1,Completed,Credit Card,7977.76,1139.68,7,2024-06-07,Expedited,"Impulse Item, Impulse Item, Extended Warranty",242.09,1139.68,0,6,7,Friday,1,3,1,0,0,1,0,0,0,1,0,0,0,0,0,0,1,0,0,34.58428571428571,8219.85
17398,45,Female,No,Smartphone,SMP234,3,Completed,Credit Card,10257.12,1139.68,9,2024-08-02,Expedited,"Accessory, Accessory, Extended Warranty",243.97,1139.68,0,8,2,Friday,1,3,1,0,0,1,0,0,0,1,0,0,0,0,0,0,1,0,0,27.107777777777777,10501.09
17646,55,Male,No,Smartphone,SMP234,4,Cancelled,Bank Transfer,5698.4,1139.68,5,2024-08-14,Same Day,"Accessory, Impulse Item, Impulse Item",246.14,1139.6799999999998,0,8,14,Wednesday,1,3,0,1,0,0,0,0,0,0,0,0,1,0,0,0,1,0,0,49.228,5944.54
17712,74,Male,No,Smartwatch,SWT567,4,Completed,Credit Card,3676.0,459.5,8,2024-06-10,Standard,"Extended Warranty, Extended Warranty, Impulse Item",242.52,459.5,0,6,10,Monday,1,3,0,0,0,1,0,0,0,0,0,0,0,1,0,0,0,1,0,30.315,3918.52
17714,47,Female,No,Tablet,TBL345,5,Completed,Credit Card,6291.28,786.41,8,2024-03-17,Same Day,"Accessory, Accessory, Accessory",251.08,786.41,0,3,17,Sunday,1,3,1,0,0,1,0,0,0,0,0,0,1,0,0,0,0,0,1,31.385,6542.36
17904,71,Male,No,Headphones,HDP456,3,Cancelled,Bank Transfer,1083.54,361.18,3,2024-04-17,Expedited,"Accessory, Extended Warranty, Extended Warranty",237.81,361.18,0,4,17,Wednesday,1,3,0,1,0,0,0,0,0,1,0,0,0,0,1,0,0,0,0,79.27,1321.35
17913,46,Female,Yes,Laptop,LTP123,2,Completed,Credit Card,674.32,674.32,1,2024-04-26,Standard,"Extended Warranty, Accessory, Accessory",257.81,674.32,1,4,26,Friday,1,3,1,0,0,1,0,0,0,0,0,0,0,1,0,1,0,0,0,257.81,932.13
17922,29,Female,Yes,Laptop,LTP123,5,Completed,Credit Card,2697.28,674.32,4,2024-03-10,Same Day,"Impulse Item, Accessory, Accessory",252.76,674.32,1,3,10,Sunday,1,3,1,0,0,1,0,0,0,0,0,0,1,0,0,1,0,0,0,63.19,2950.04
18013,23,Female,Yes,Laptop,LTP123,3,Completed,PayPal,2022.96,674.32,3,2024-07-11,Same Day,"Impulse Item, Extended Warranty, Accessory",260.64,674.32,1,7,11,Thursday,1,3,1,0,0,0,0,1,0,0,0,0,1,0,0,1,0,0,0,86.88,2283.6
18146,71,Male,No,Laptop,LTP123,2,Completed,PayPal,5394.56,674.32,8,2024-04-05,Expedited,"Extended Warranty, Impulse Item, Accessory",238.53,674.32,0,4,5,Friday,1,3,0,0,0,0,0,1,0,1,0,0,0,0,0,1,0,0,0,29.81625,5633.09
18151,47,Male,No,Smartwatch,SWT567,1,Completed,Bank Transfer,4135.5,459.5,9,2024-05-15,Same Day,"Impulse Item, Impulse Item, Impulse Item",241.68,459.5,0,5,15,Wednesday,1,3,0,1,0,0,0,0,0,0,0,0,1,0,0,0,0,1,0,26.85333333333333,4377.18
18160,45,Male,No,Tablet,TBL345,2,Completed,Bank Transfer,3145.64,786.41,4,2024-04-01,Standard,"Accessory, Accessory, Extended Warranty",239.69,786.41,0,4,1,Monday,1,3,0,1,0,0,0,0,0,0,0,0,0,1,0,0,0,0,1,59.9225,3385.33
18181,66,Female,No,Smartwatch,SWT567,1,Cancelled,Bank Transfer,459.5,459.5,1,2024-09-02,Expedited,"Extended Warranty, Accessory, Extended Warranty",237.12,459.5,0,9,2,Monday,1,3,1,1,0,0,0,0,0,1,0,0,0,0,0,0,0,1,0,237.12,696.62
18198,21,Female,No,Smartphone,SMP234,4,Completed,Bank Transfer,2279.36,1139.68,2,2024-09-06,Expedited,"Impulse Item, Extended Warranty, Impulse Item",241.35,1139.68,0,9,6,Friday,1,3,1,1,0,0,0,0,0,1,0,0,0,0,0,0,1,0,0,120.675,2520.71
18246,31,Male,No,Laptop,LTP123,3,Completed,Bank Transfer,1348.64,674.32,2,2024-05-31,Expedited,"Impulse Item, Accessory, Extended Warranty",263.86,674.32,0,5,31,Friday,1,3,0,1,0,0,0,0,0,1,0,0,0,0,0,1,0,0,0,131.93,1612.5
18316,65,Male,Yes,Tablet,TBL345,4,Completed,Credit Card,2359.23,786.41,3,2024-02-28,Standard,"Impulse Item, Extended Warranty, Impulse Item",247.52,786.41,1,2,28,Wednesday,1,3,0,0,0,1,0,0,0,0,0,0,0,1,0,0,0,0,1,82.50666666666667,2606.75
18362,75,Female,No,Tablet,TBL345,5,Completed,Credit Card,5504.87,786.41,7,2024-06-09,Standard,"Accessory, Impulse Item, Extended Warranty",258.29,786.41,0,6,9,Sunday,1,3,1,0,0,1,0,0,0,0,0,0,0,1,0,0,0,0,1,36.89857142857143,5763.16
18367,26,Female,No,Tablet,TBL345,5,Completed,PayPal,7864.1,786.41,10,2024-06-24,Same Day,"Extended Warranty, Accessory, Impulse Item",257.17,786.4100000000001,0,6,24,Monday,1,3,1,0,0,0,0,1,0,0,0,0,1,0,0,0,0,0,1,25.717,8121.27
18368,76,Male,Yes,Headphones,HDP456,1,Completed,Bank Transfer,1083.54,361.18,3,2024-02-08,Standard,"Extended Warranty, Accessory, Accessory",260.6,361.18,1,2,8,Thursday,1,3,0,1,0,0,0,0,0,0,0,0,0,1,1,0,0,0,0,86.86666666666667,1344.14
18407,20,Female,No,Smartphone,SMP234,4,Completed,Bank Transfer,7977.76,1139.68,7,2024-09-09,Standard,"Impulse Item, Extended Warranty, Impulse Item",245.34,1139.68,0,9,9,Monday,1,3,1,1,0,0,0,0,0,0,0,0,0,1,0,0,1,0,0,35.04857142857143,8223.1
18415,67,Female,No,Smartwatch,SWT567,4,Completed,Credit Card,919.0,459.5,2,2024-04-14,Same Day,"Impulse Item, Impulse Item, Accessory",252.04,459.5,0,4,14,Sunday,1,3,1,0,0,1,0,0,0,0,0,0,1,0,0,0,0,1,0,126.02,1171.04
18421,61,Male,No,Headphones,HDP456,1,Completed,PayPal,361.18,361.18,1,2024-05-31,Standard,"Extended Warranty, Extended Warranty, Impulse Item",251.86,361.18,0,5,31,Friday,1,3,0,0,0,0,0,1,0,0,0,0,0,1,1,0,0,0,0,251.86,613.04
18442,56,Male,No,Tablet,TBL345,2,Completed,Credit Card,786.41,786.41,1,2024-07-23,Expedited,"Impulse Item, Extended Warranty, Accessory",237.16,786.41,0,7,23,Tuesday,1,3,0,0,0,1,0,0,0,1,0,0,0,0,0,0,0,0,1,237.16,1023.57
18451,30,Female,Yes,Smartwatch,SWT567,1,Completed,PayPal,459.5,459.5,1,2024-05-02,Expedited,"Extended Warranty, Impulse Item, Extended Warranty",273.08,459.5,1,5,2,Thursday,1,3,1,0,0,0,0,1,0,1,0,0,0,0,0,0,0,1,0,273.08,732.5799999999999
18568,62,Male,No,Laptop,LTP123,5,Cancelled,PayPal,2697.28,674.32,4,2024-04-19,Same Day,"Accessory, Accessory, Extended Warranty",257.59,674.32,0,4,19,Friday,1,3,0,0,0,0,0,1,0,0,0,0,1,0,0,1,0,0,0,64.3975,2954.8700000000003
18568,62,Male,No,Smartwatch,SWT567,4,Completed,Credit Card,3676.0,459.5,8,2024-06-26,Standard,"Impulse Item, Extended Warranty, Accessory",240.71,459.5,0,6,26,Wednesday,1,3,0,0,0,1,0,0,0,0,0,0,0,1,0,0,0,1,0,30.08875,3916.71
18616,31,Male,No,Laptop,LTP123,5,Completed,Credit Card,6068.88,674.32,9,2024-03-25,Standard,"Extended Warranty, Accessory, Impulse Item",271.59,674.32,0,3,25,Monday,1,3,0,0,0,1,0,0,0,0,0,0,0,1,0,1,0,0,0,30.176666666666662,6340.47
18665,51,Female,Yes,Headphones,HDP456,5,Completed,Credit Card,2889.44,361.18,8,2024-01-28,Standard,"Extended Warranty, Accessory, Accessory",262.4,361.18,1,1,28,Sunday,1,3,1,0,0,1,0,0,0,0,0,0,0,1,1,0,0,0,0,32.8,3151.84
18697,33,Female,No,Laptop,LTP123,3,Completed,Credit Card,4045.92,674.32,6,2024-01-10,Expedited,"Accessory, Accessory, Accessory",243.83,674.32,0,1,10,Wednesday,1,3,1,0,0,1,0,0,0,1,0,0,0,0,0,1,0,0,0,40.638333333333335,4289.75
18734,44,Male,No,Smartphone,SMP234,2,Cancelled,PayPal,7977.76,1139.68,7,2024-07-16,Expedited,"Impulse Item, Impulse Item, Accessory",282.11,1139.68,0,7,16,Tuesday,1,3,0,0,0,0,0,1,0,1,0,0,0,0,0,0,1,0,0,40.30142857142857,8259.87
18794,43,Male,Yes,Tablet,TBL345,1,Completed,Bank Transfer,6291.28,786.41,8,2024-07-14,Same Day,"Extended Warranty, Extended Warranty, Extended Warranty",237.81,786.41,1,7,14,Sunday,1,3,0,1,0,0,0,0,0,0,0,0,1,0,0,0,0,0,1,29.72625,6529.09
18978,70,Female,No,Tablet,TBL345,5,Cancelled,Credit Card,6291.28,786.41,8,2024-02-23,Same Day,"Extended Warranty, Extended Warranty, Extended Warranty",239.27,786.41,0,2,23,Friday,1,3,1,0,0,1,0,0,0,0,0,0,1,0,0,0,0,0,1,29.90875,6530.55
19015,37,Female,No,Smartwatch,SWT567,1,Completed,PayPal,1838.0,459.5,4,2024-02-22,Expedited,"Impulse Item, Accessory, Extended Warranty",251.01,459.5,0,2,22,Thursday,1,3,1,0,0,0,0,1,0,1,0,0,0,0,0,0,0,1,0,62.7525,2089.01
19031,41,Female,No,Smartphone,SMP234,3,Completed,Bank Transfer,4558.72,1139.68,4,2024-05-17,Standard,"Impulse Item, Accessory, Impulse Item",274.48,1139.68,0,5,17,Friday,1,3,1,1,0,0,0,0,0,0,0,0,0,1,0,0,1,0,0,68.62,4833.200000000001
19133,53,Male,No,Headphones,HDP456,1,Cancelled,Bank Transfer,2889.44,361.18,8,2024-06-19,Same Day,"Extended Warranty, Extended Warranty, Impulse Item",261.37,361.18,0,6,19,Wednesday,1,3,0,1,0,0,0,0,0,0,0,0,1,0,1,0,0,0,0,32.67125,3150.81
19200,51,Male,No,Tablet,TBL345,3,Cancelled,Bank Transfer,1572.82,786.41,2,2024-07-31,Expedited,"Extended Warranty, Impulse Item, Extended Warranty",265.91,786.41,0,7,31,Wednesday,1,3,0,1,0,0,0,0,0,1,0,0,0,0,0,0,0,0,1,132.955,1838.73
19265,63,Male,No,Headphones,HDP456,5,Completed,PayPal,722.36,361.18,2,2024-04-20,Standard,"Impulse Item, Impulse Item, Extended Warranty",239.08,361.18,0,4,20,Saturday,1,3,0,0,0,0,0,1,0,0,0,0,0,1,1,0,0,0,0,119.54,961.44
19338,55,Female,No,Laptop,LTP123,3,Completed,PayPal,2022.96,674.32,3,2024-07-20,Expedited,"Accessory, Extended Warranty, Extended Warranty",245.91,674.32,0,7,20,Saturday,1,3,1,0,0,0,0,1,0,1,0,0,0,0,0,1,0,0,0,81.97,2268.87
19601,77,Male,No,Smartwatch,SWT567,2,Completed,PayPal,3676.0,459.5,8,2024-04-04,Expedited,"Extended Warranty, Extended Warranty, Extended Warranty",239.15,459.5,0,4,4,Thursday,1,3,0,0,0,0,0,1,0,1,0,0,0,0,0,0,0,1,0,29.89375,3915.15
19612,28,Female,No,Tablet,TBL345,5,Cancelled,PayPal,3932.05,786.41,5,2024-07-11,Expedited,"Impulse Item, Impulse Item, Impulse Item",239.51,786.4100000000001,0,7,11,Thursday,1,3,1,0,0,0,0,1,0,1,0,0,0,0,0,0,0,0,1,47.902,4171.56
19671,53,Female,No,Smartphone,SMP234,1,Cancelled,Credit Card,9117.44,1139.68,8,2024-09-17,Expedited,"Accessory, Accessory, Impulse Item",253.11,1139.68,0,9,17,Tuesday,1,3,1,0,0,1,0,0,0,1,0,0,0,0,0,0,1,0,0,31.63875,9370.55
19673,18,Male,Yes,Smartwatch,SWT567,1,Completed,Credit Card,2297.5,459.5,5,2024-07-13,Standard,"Accessory, Impulse Item, Accessory",246.5,459.5,1,7,13,Saturday,1,3,0,0,0,1,0,0,0,0,0,0,0,1,0,0,0,1,0,49.3,2544.0
19691,28,Female,Yes,Laptop,LTP123,5,Cancelled,Bank Transfer,2697.28,674.32,4,2024-08-25,Same Day,"Accessory, Impulse Item, Extended Warranty",268.43,674.32,1,8,25,Sunday,1,3,1,1,0,0,0,0,0,0,0,0,1,0,0,1,0,0,0,67.1075,2965.71
19825,42,Male,No,Smartphone,SMP234,5,Completed,Credit Card,10257.12,1139.68,9,2024-05-15,Standard,"Accessory, Accessory, Accessory",245.81,1139.68,0,5,15,Wednesday,1,3,0,0,0,1,0,0,0,0,0,0,0,1,0,0,1,0,0,27.31222222222222,10502.93
19903,42,Female,No,Laptop,LTP123,2,Cancelled,Bank Transfer,4720.24,674.32,7,2024-07-03,Same Day,"Impulse Item, Accessory, Impulse Item",243.75,674.3199999999999,0,7,3,Wednesday,1,3,1,1,0,0,0,0,0,0,0,0,1,0,0,1,0,0,0,34.82142857142857,4963.99
